timestamp,bar_num,bar_close,raw_action,action,quantity,position_after,pnl_realized_usd,total_pnl_usd,equity
2026-01-15T14:44:31.722000+00:00,29,25931.5,-0.9999282956123352,SELL,1,-1.0,+0.00,+0.00,250000.00
2026-01-16T00:59:18.315000+00:00,72,25762.25,-0.10302308946847916,BUY,1,0.0,+3385.00,+3385.00,253385.00
2026-01-16T08:37:14.828000+00:00,75,25804.75,0.5258198976516724,BUY,1,1.0,+0.00,+3385.00,253385.00
2026-01-16T15:49:45.550032+00:00,100,25631.5,0.4921967387199402,SELL,1,0.0,-3465.00,-80.00,249920.00
2026-01-16T16:00:02.514000+00:00,102,25684.5,-0.5431414246559143,SELL,1,-1.0,+0.00,-80.00,249920.00
2026-01-18T23:00:00.280019+00:00,122,25410.5,-0.31485819816589355,BUY,1,0.0,+5480.00,+5400.00,255400.00
2026-01-18T23:00:10.797000+00:00,124,25424.75,0.7909704446792603,BUY,1,1.0,+0.00,+5400.00,255400.00
2026-01-19T00:13:25.132000+00:00,134,25430.0,0.14037543535232544,SELL,1,0.0,+105.00,+5505.00,255505.00
2026-01-19T00:18:40.289007+00:00,136,25418.75,-0.6408857703208923,SELL,1,-1.0,+0.00,+5505.00,255505.00
2026-01-19T00:30:06.247015+00:00,137,25378.75,-0.438068687915802,BUY,1,0.0,+800.00,+6305.00,256305.00
2026-01-19T01:16:37.621000+00:00,140,25447.0,-0.6137299537658691,SELL,1,-1.0,+0.00,+6305.00,256305.00
2026-01-19T01:21:41.406001+00:00,141,25412.0,-0.37364983558654785,BUY,1,0.0,+700.00,+7005.00,257005.00
2026-01-19T07:10:05.269001+00:00,145,25352.5,-0.961653470993042,SELL,1,-1.0,+0.00,+7005.00,257005.00
2026-01-19T14:30:31.120002+00:00,162,25281.0,0.11957000195980072,BUY,1,0.0,+1430.00,+8435.00,258435.00
2026-01-19T14:35:42.848004+00:00,163,25250.0,0.8415442705154419,BUY,1,1.0,+0.00,+8435.00,258435.00
2026-01-20T02:37:05.761008+00:00,183,25431.5,-0.3131013810634613,SELL,1,0.0,+3630.00,+12065.00,262065.00
2026-01-20T05:27:37.742013+00:00,186,25407.25,-0.7562940716743469,SELL,1,-1.0,+0.00,+12065.00,262065.00
2026-01-20T09:17:23.070007+00:00,202,25165.5,-0.43305501341819763,BUY,1,0.0,+4835.00,+16900.00,266900.00
2026-01-20T10:41:01.590000+00:00,208,25167.5,0.771462082862854,BUY,1,1.0,+0.00,+16900.00,266900.00
2026-01-20T14:40:00.502000+00:00,239,25296.25,0.47720611095428467,SELL,1,0.0,+2575.00,+19475.00,269475.00
2026-01-20T14:43:44.872013+00:00,242,25316.0,-0.95164555311203,SELL,1,-1.0,+0.00,+19475.00,269475.00
2026-01-20T17:20:53.960008+00:00,280,25338.0,0.0760534405708313,BUY,1,0.0,-440.00,+19035.00,269035.00
2026-01-20T17:44:39.094000+00:00,283,25296.5,0.9268772602081299,BUY,1,1.0,+0.00,+19035.00,269035.00
2026-01-20T20:56:11.588000+00:00,299,25138.0,0.2622469365596771,SELL,1,0.0,-3170.00,+15865.00,265865.00
2026-01-20T21:33:28.483000+00:00,301,25127.25,-0.664760172367096,SELL,1,-1.0,+0.00,+15865.00,265865.00
2026-01-21T12:23:47.318014+00:00,324,25082.0,-0.2062467485666275,BUY,1,0.0,+905.00,+16770.00,266770.00
2026-01-21T12:51:15.210001+00:00,326,25072.75,0.8519627451896667,BUY,1,1.0,+0.00,+16770.00,266770.00
2026-01-21T13:59:49.623010+00:00,332,25085.5,0.08240637928247452,SELL,1,0.0,+255.00,+17025.00,267025.00
2026-01-21T14:04:41.316004+00:00,333,25112.25,-0.8754531741142273,SELL,1,-1.0,+0.00,+17025.00,267025.00
2026-01-21T17:14:26.364000+00:00,389,25146.25,-0.4264732599258423,BUY,1,0.0,-680.00,+16345.00,266345.00
2026-01-21T17:23:40.212002+00:00,391,25215.75,0.7673771381378174,BUY,1,1.0,+0.00,+16345.00,266345.00
2026-01-21T19:24:31.496005+00:00,413,25272.75,0.24249975383281708,SELL,1,0.0,+1140.00,+17485.00,267485.00
2026-01-21T19:27:39.446000+00:00,415,25322.75,-0.7492361664772034,SELL,1,-1.0,+0.00,+17485.00,267485.00
2026-01-22T06:42:51.778013+00:00,454,25523.75,0.004120851866900921,BUY,1,0.0,-4020.00,+13465.00,263465.00
2026-01-22T07:07:10.969001+00:00,455,25510.25,0.7199884653091431,BUY,1,1.0,+0.00,+13465.00,263465.00
2026-01-22T08:18:29.642002+00:00,459,25641.25,0.3360338807106018,SELL,1,0.0,+2620.00,+16085.00,266085.00
2026-01-22T08:27:20.293007+00:00,460,25660.75,-0.5936020016670227,SELL,1,-1.0,+0.00,+16085.00,266085.00
2026-01-22T10:17:05.742000+00:00,463,25675.5,-0.20695216953754425,BUY,1,0.0,-295.00,+15790.00,265790.00
2026-01-22T11:15:54.049000+00:00,465,25673.5,0.5575644969940186,BUY,1,1.0,+0.00,+15790.00,265790.00
2026-01-22T19:42:30.644000+00:00,501,25675.25,0.3685998320579529,SELL,1,0.0,+35.00,+15825.00,265825.00
2026-01-22T20:36:46.097000+00:00,504,25587.0,0.6057571172714233,BUY,1,1.0,+0.00,+15825.00,265825.00
2026-01-22T20:54:40.142000+00:00,506,25653.25,0.439595103263855,SELL,1,0.0,+1325.00,+17150.00,267150.00
2026-01-22T21:01:03.024001+00:00,507,25636.5,0.5985952019691467,BUY,1,1.0,+0.00,+17150.00,267150.00
2026-01-23T03:16:10.554006+00:00,513,25698.75,-0.31243211030960083,SELL,1,0.0,+1245.00,+18395.00,268395.00
2026-01-23T06:04:43.349000+00:00,514,25724.25,-0.8312482833862305,SELL,1,-1.0,+0.00,+18395.00,268395.00
2026-01-23T08:27:15.438005+00:00,517,25631.25,0.044619109481573105,BUY,1,0.0,+1860.00,+20255.00,270255.00
2026-01-23T09:43:17.730000+00:00,521,25552.0,0.7152426242828369,BUY,1,1.0,+0.00,+20255.00,270255.00
2026-01-23T11:03:40.338034+00:00,523,25611.0,0.08624735474586487,SELL,1,0.0,+1180.00,+21435.00,271435.00
2026-01-23T11:28:40.129000+00:00,524,25642.0,-0.7255105376243591,SELL,1,-1.0,+0.00,+21435.00,271435.00
2026-01-23T20:30:01.949000+00:00,565,25704.5,0.39323046803474426,BUY,1,0.0,-1250.00,+20185.00,270185.00
2026-01-23T20:47:01.577028+00:00,566,25736.0,0.7009714841842651,BUY,1,1.0,+0.00,+20185.00,270185.00
2026-01-25T23:12:34.103000+00:00,587,25497.5,-0.15937435626983643,SELL,1,0.0,-4770.00,+15415.00,265415.00
2026-01-26T01:05:00.991001+00:00,597,25640.5,-0.9956991076469421,SELL,1,-1.0,+0.00,+15415.00,265415.00
2026-01-27T14:30:01.015000+00:00,649,25978.0,0.48853954672813416,BUY,1,0.0,-6750.00,+8665.00,258665.00
2026-01-27T14:31:04.698001+00:00,650,25995.25,0.9323213696479797,BUY,1,1.0,+0.00,+8665.00,258665.00
2026-01-28T06:20:08.587001+00:00,674,26320.75,0.489734023809433,SELL,1,0.0,+6510.00,+15175.00,265175.00
2026-01-28T06:45:55.623000+00:00,676,26309.0,-0.6177720427513123,SELL,1,-1.0,+0.00,+15175.00,265175.00
2026-01-28T16:36:16.006002+00:00,701,26144.25,-0.2686343491077423,BUY,1,0.0,+3295.00,+18470.00,268470.00
2026-01-28T16:51:35.729002+00:00,702,26118.25,0.5225801467895508,BUY,1,1.0,+0.00,+18470.00,268470.00
2026-01-28T17:53:25.512001+00:00,706,26150.5,0.36396846175193787,SELL,1,0.0,+645.00,+19115.00,269115.00
2026-01-28T19:24:17.919000+00:00,713,26168.5,-0.603444516658783,SELL,1,-1.0,+0.00,+19115.00,269115.00
2026-01-28T19:31:56.575000+00:00,716,26133.75,-0.252352237701416,BUY,1,0.0,+695.00,+19810.00,269810.00
2026-01-28T19:37:15.246002+00:00,718,26178.0,0.5835661292076111,BUY,1,1.0,+0.00,+19810.00,269810.00
2026-01-28T21:20:35.772012+00:00,742,26219.25,0.34339699149131775,SELL,1,0.0,+825.00,+20635.00,270635.00
2026-01-28T21:54:00.784001+00:00,745,26247.75,-0.7248313426971436,SELL,1,-1.0,+0.00,+20635.00,270635.00
2026-01-28T23:13:21.564000+00:00,748,26216.0,-0.459346741437912,BUY,1,0.0,+635.00,+21270.00,271270.00
2026-01-28T23:22:12.348014+00:00,751,26238.0,-0.7675924301147461,SELL,1,-1.0,+0.00,+21270.00,271270.00
2026-01-29T15:00:36.914000+00:00,802,25800.0,-0.1024332344532013,BUY,1,0.0,+8760.00,+30030.00,280030.00
2026-01-29T15:03:40.523008+00:00,804,25765.5,0.6724666953086853,BUY,1,1.0,+0.00,+30030.00,280030.00
2026-01-29T15:27:24.483000+00:00,817,25782.5,0.08727075904607773,SELL,1,0.0,+340.00,+30370.00,280370.00
2026-01-29T15:35:07.186011+00:00,820,25681.0,-0.722700297832489,SELL,1,-1.0,+0.00,+30370.00,280370.00
2026-01-29T15:57:41.172000+00:00,828,25614.5,-0.16547444462776184,BUY,1,0.0,+1330.00,+31700.00,281700.00
2026-01-29T16:04:16.197000+00:00,831,25594.0,0.8460080027580261,BUY,1,1.0,+0.00,+31700.00,281700.00
2026-01-29T16:04:55.056001+00:00,832,25557.5,0.4958116114139557,SELL,1,0.0,-730.00,+30970.00,280970.00
2026-01-29T16:11:01.160000+00:00,835,25593.25,0.8354365825653076,BUY,1,1.0,+0.00,+30970.00,280970.00
2026-01-29T18:37:02.014001+00:00,861,25854.0,0.13070988655090332,SELL,1,0.0,+5215.00,+36185.00,286185.00
2026-01-29T18:46:10.018000+00:00,862,25851.5,-0.5504549145698547,SELL,1,-1.0,+0.00,+36185.00,286185.00
2026-01-30T04:57:43.208000+00:00,931,25856.0,0.275582879781723,BUY,1,0.0,-90.00,+36095.00,286095.00
2026-01-30T06:03:29.756001+00:00,933,25822.0,0.7179097533226013,BUY,1,1.0,+0.00,+36095.00,286095.00
2026-01-30T07:06:44.072001+00:00,940,25777.25,0.2563195824623108,SELL,1,0.0,-895.00,+35200.00,285200.00
2026-01-30T07:25:27.364000+00:00,941,25764.0,-0.5387226939201355,SELL,1,-1.0,+0.00,+35200.00,285200.00
2026-01-30T07:59:58.798000+00:00,943,25705.75,-0.4576842784881592,BUY,1,0.0,+1165.00,+36365.00,286365.00
2026-01-30T08:04:58.666000+00:00,944,25726.25,-0.6672543883323669,SELL,1,-1.0,+0.00,+36365.00,286365.00
2026-01-30T13:53:49.018000+00:00,994,25813.25,-0.038290318101644516,BUY,1,0.0,-1740.00,+34625.00,284625.00
2026-01-30T14:30:41.216000+00:00,999,25911.75,0.7192969918251038,BUY,1,1.0,+0.00,+34625.00,284625.00
2026-01-30T14:39:29.111000+00:00,1009,25909.75,0.33373701572418213,SELL,1,0.0,-40.00,+34585.00,284585.00
2026-01-30T14:47:28.761000+00:00,1013,25878.25,-0.6070024967193604,SELL,1,-1.0,+0.00,+34585.00,284585.00
2026-01-30T15:46:44.694036+00:00,1042,25922.75,-0.271719366312027,BUY,1,0.0,-890.00,+33695.00,283695.00
2026-01-30T15:50:50.027000+00:00,1043,25894.0,0.5004364252090454,BUY,1,1.0,+0.00,+33695.00,283695.00
2026-01-30T17:35:08.891000+00:00,1068,25720.75,0.2318698614835739,SELL,1,0.0,-3465.00,+30230.00,280230.00
2026-01-30T17:41:12.706000+00:00,1070,25722.75,-0.5212668776512146,SELL,1,-1.0,+0.00,+30230.00,280230.00
2026-01-30T17:45:19.254003+00:00,1071,25747.5,-0.2835557162761688,BUY,1,0.0,-495.00,+29735.00,279735.00
2026-01-30T17:52:58.735000+00:00,1073,25712.5,-0.7223560810089111,SELL,1,-1.0,+0.00,+29735.00,279735.00
2026-01-30T18:27:59.123028+00:00,1082,25664.5,-0.4700624346733093,BUY,1,0.0,+960.00,+30695.00,280695.00
2026-01-30T18:37:44.121000+00:00,1086,25637.75,0.5947180986404419,BUY,1,1.0,+0.00,+30695.00,280695.00
2026-01-30T18:53:57.544000+00:00,1090,25710.75,-0.11471050977706909,SELL,1,0.0,+1460.00,+32155.00,282155.00
2026-01-30T18:58:46.563000+00:00,1091,25743.0,-0.8125656247138977,SELL,1,-1.0,+0.00,+32155.00,282155.00
2026-02-02T01:13:03.390000+00:00,1152,25495.0,-0.43296152353286743,BUY,1,0.0,+4960.00,+37115.00,287115.00
2026-02-02T01:30:09.432000+00:00,1156,25507.0,-0.7242228388786316,SELL,1,-1.0,+0.00,+37115.00,287115.00
2026-02-02T01:48:02.502000+00:00,1160,25423.75,0.0652732104063034,BUY,1,0.0,+1665.00,+38780.00,288780.00
2026-02-02T01:56:58.189000+00:00,1162,25415.0,0.5720648169517517,BUY,1,1.0,+0.00,+38780.00,288780.00
2026-02-02T02:02:50.289000+00:00,1163,25440.0,0.4146396815776825,SELL,1,0.0,+500.00,+39280.00,289280.00
2026-02-02T02:10:16.134006+00:00,1164,25409.75,0.7286645174026489,BUY,1,1.0,+0.00,+39280.00,289280.00
2026-02-02T02:31:36.613005+00:00,1167,25436.25,0.28906217217445374,SELL,1,0.0,+530.00,+39810.00,289810.00
2026-02-02T02:40:00.151000+00:00,1169,25437.75,0.5833771824836731,BUY,1,1.0,+0.00,+39810.00,289810.00
2026-02-02T04:16:46.356000+00:00,1183,25287.0,0.37311816215515137,SELL,1,0.0,-3015.00,+36795.00,286795.00
2026-02-02T05:20:45.134019+00:00,1188,25285.25,0.6820871829986572,BUY,1,1.0,+0.00,+36795.00,286795.00
2026-02-02T06:18:12.566008+00:00,1195,25193.0,0.4361865520477295,SELL,1,0.0,-1845.00,+34950.00,284950.00
2026-02-02T06:27:14.939000+00:00,1196,25226.0,0.5820627212524414,BUY,1,1.0,+0.00,+34950.00,284950.00
2026-02-02T06:57:59.855000+00:00,1201,25228.0,0.4706215262413025,SELL,1,0.0,+40.00,+34990.00,284990.00
2026-02-02T07:20:59.192025+00:00,1205,25295.0,-0.6967394948005676,SELL,1,-1.0,+0.00,+34990.00,284990.00
2026-02-03T14:46:31.180001+00:00,1309,25781.25,-0.4395839273929596,BUY,1,0.0,-9725.00,+25265.00,275265.00
2026-02-03T14:55:05.533000+00:00,1313,25715.5,0.6658118367195129,BUY,1,1.0,+0.00,+25265.00,275265.00
2026-02-03T15:48:04.031000+00:00,1341,25576.0,0.4781267046928406,SELL,1,0.0,-2790.00,+22475.00,272475.00
2026-02-03T15:50:09.071001+00:00,1342,25597.0,-0.5358927845954895,SELL,1,-1.0,+0.00,+22475.00,272475.00
2026-02-03T17:46:23.317000+00:00,1369,25385.0,-0.22198806703090668,BUY,1,0.0,+4240.00,+26715.00,276715.00
2026-02-03T17:51:15.623000+00:00,1370,25412.5,0.7370404601097107,BUY,1,1.0,+0.00,+26715.00,276715.00
2026-02-03T20:47:12.487000+00:00,1404,25413.5,0.12471222877502441,SELL,1,0.0,+20.00,+26735.00,276735.00
2026-02-03T20:50:22.376000+00:00,1405,25432.25,-0.6392995119094849,SELL,1,-1.0,+0.00,+26735.00,276735.00
2026-02-04T14:30:29.554000+00:00,1455,25318.25,0.11716083437204361,BUY,1,0.0,+2280.00,+29015.00,279015.00
2026-02-04T14:31:03.224002+00:00,1456,25288.5,0.518086850643158,BUY,1,1.0,+0.00,+29015.00,279015.00
2026-02-04T14:41:00.529000+00:00,1470,25296.0,0.40361693501472473,SELL,1,0.0,+150.00,+29165.00,279165.00
2026-02-04T14:41:23.359000+00:00,1471,25335.0,-0.7234225273132324,SELL,1,-1.0,+0.00,+29165.00,279165.00
2026-02-04T14:47:06.797000+00:00,1476,25332.0,-0.45752981305122375,BUY,1,0.0,+60.00,+29225.00,279225.00
2026-02-04T14:47:54.630000+00:00,1477,25305.5,-0.7484437227249146,SELL,1,-1.0,+0.00,+29225.00,279225.00
2026-02-04T14:48:05.708000+00:00,1478,25345.5,-0.22379061579704285,BUY,1,0.0,-800.00,+28425.00,278425.00
2026-02-04T15:00:00.035065+00:00,1487,25171.25,-0.7252265214920044,SELL,1,-1.0,+0.00,+28425.00,278425.00
2026-02-04T15:08:21.943000+00:00,1494,25224.25,-0.4566078782081604,BUY,1,0.0,-1060.00,+27365.00,277365.00
2026-02-04T15:20:25.560006+00:00,1504,25220.25,0.7589344382286072,BUY,1,1.0,+0.00,+27365.00,277365.00
2026-02-04T15:25:46.363000+00:00,1510,25289.25,-0.024046028032898903,SELL,1,0.0,+1380.00,+28745.00,278745.00
2026-02-04T15:38:29.904002+00:00,1517,25159.5,-0.9393985271453857,SELL,1,-1.0,+0.00,+28745.00,278745.00
2026-02-04T16:57:35.886002+00:00,1556,25027.0,-0.42146143317222595,BUY,1,0.0,+2650.00,+31395.00,281395.00
2026-02-04T17:16:24.516020+00:00,1561,25002.5,0.5068812370300293,BUY,1,1.0,+0.00,+31395.00,281395.00
2026-02-04T18:25:05.282000+00:00,1587,24895.0,0.4725675880908966,SELL,1,0.0,-2150.00,+29245.00,279245.00
2026-02-04T18:44:20.587000+00:00,1593,24900.0,-0.8545420169830322,SELL,1,-1.0,+0.00,+29245.00,279245.00
2026-02-04T21:16:03.774000+00:00,1647,25021.5,-0.42865997552871704,BUY,1,0.0,-2430.00,+26815.00,276815.00
2026-02-04T21:33:48.831000+00:00,1653,25153.25,-0.5917418599128723,SELL,1,-1.0,+0.00,+26815.00,276815.00
2026-02-04T21:36:36.543000+00:00,1654,25141.25,-0.07086993008852005,BUY,1,0.0,+240.00,+27055.00,277055.00
2026-02-04T21:52:17.083000+00:00,1657,25152.25,0.8173109889030457,BUY,1,1.0,+0.00,+27055.00,277055.00
2026-02-05T01:39:21.899000+00:00,1672,25150.0,0.38970738649368286,SELL,1,0.0,-45.00,+27010.00,277010.00
2026-02-05T02:13:06.568001+00:00,1675,25042.5,0.6467110514640808,BUY,1,1.0,+0.00,+27010.00,277010.00
2026-02-05T02:52:57.053000+00:00,1684,25005.0,0.3092585504055023,SELL,1,0.0,-750.00,+26260.00,276260.00
2026-02-05T02:58:51.549000+00:00,1686,24978.75,-0.7514698505401611,SELL,1,-1.0,+0.00,+26260.00,276260.00
2026-02-05T12:22:35.129000+00:00,1737,24939.25,-0.4611104428768158,BUY,1,0.0,+790.00,+27050.00,277050.00
2026-02-05T12:23:54.422005+00:00,1738,24904.5,0.9088443517684937,BUY,1,1.0,+0.00,+27050.00,277050.00
2026-02-05T13:12:03.432002+00:00,1761,24799.0,-0.23114779591560364,SELL,1,0.0,-2110.00,+24940.00,274940.00
2026-02-05T13:16:09.741000+00:00,1762,24782.25,-0.7347751259803772,SELL,1,-1.0,+0.00,+24940.00,274940.00
2026-02-05T13:18:02.720000+00:00,1763,24822.25,-0.27532869577407837,BUY,1,0.0,-800.00,+24140.00,274140.00
2026-02-05T13:19:48.483000+00:00,1764,24784.25,-0.5926982760429382,SELL,1,-1.0,+0.00,+24140.00,274140.00
2026-02-05T13:31:53.719000+00:00,1766,24803.25,0.3375973701477051,BUY,1,0.0,-380.00,+23760.00,273760.00
2026-02-05T13:32:18.310031+00:00,1767,24843.25,0.844962477684021,BUY,1,1.0,+0.00,+23760.00,273760.00
2026-02-05T14:35:01.126010+00:00,1798,24821.5,-0.1675342172384262,SELL,1,0.0,-435.00,+23325.00,273325.00
2026-02-05T14:35:26.178000+00:00,1799,24807.0,-0.6145723462104797,SELL,1,-1.0,+0.00,+23325.00,273325.00
2026-02-05T15:10:44.849000+00:00,1841,24660.0,-0.19154110550880432,BUY,1,0.0,+2940.00,+26265.00,276265.00
2026-02-05T15:16:02.065006+00:00,1845,24590.0,0.6804459095001221,BUY,1,1.0,+0.00,+26265.00,276265.00
2026-02-05T15:58:34.281000+00:00,1884,24608.75,0.43113476037979126,SELL,1,0.0,+375.00,+26640.00,276640.00
2026-02-05T16:00:00.012000+00:00,1885,24636.25,-0.533673882484436,SELL,1,-1.0,+0.00,+26640.00,276640.00
2026-02-05T17:12:04.426000+00:00,1918,24743.75,-0.4717426896095276,BUY,1,0.0,-2150.00,+24490.00,274490.00
2026-02-05T17:14:46.274000+00:00,1919,24776.0,-0.7373166680335999,SELL,1,-1.0,+0.00,+24490.00,274490.00
2026-02-05T17:50:06.614000+00:00,1932,24782.5,-0.333159476518631,BUY,1,0.0,-130.00,+24360.00,274360.00
2026-02-05T17:51:06.073000+00:00,1933,24822.5,-0.7906890511512756,SELL,1,-1.0,+0.00,+24360.00,274360.00
2026-02-05T19:40:49.497000+00:00,1956,24702.25,-0.1200520396232605,BUY,1,0.0,+2405.00,+26765.00,276765.00
2026-02-05T20:09:26.223000+00:00,1961,24797.75,-0.5506348609924316,SELL,1,-1.0,+0.00,+26765.00,276765.00
2026-02-05T20:12:22.320000+00:00,1962,24767.75,-0.3893638849258423,BUY,1,0.0,+600.00,+27365.00,277365.00
2026-02-05T20:19:50.112000+00:00,1964,24698.5,0.7501038312911987,BUY,1,1.0,+0.00,+27365.00,277365.00
2026-02-05T21:01:06.658000+00:00,1984,24672.0,0.2961152493953705,SELL,1,0.0,-530.00,+26835.00,276835.00
2026-02-05T21:01:06.831005+00:00,1985,24712.0,-0.5681119561195374,SELL,1,-1.0,+0.00,+26835.00,276835.00
2026-02-05T21:01:07.927000+00:00,1986,24679.0,-0.274240106344223,BUY,1,0.0,+660.00,+27495.00,277495.00
2026-02-05T21:01:11.840000+00:00,1987,24651.25,0.7342597842216492,BUY,1,1.0,+0.00,+27495.00,277495.00
2026-02-05T21:15:39.441009+00:00,1995,24594.0,0.4993462860584259,SELL,1,0.0,-1145.00,+26350.00,276350.00
2026-02-05T21:49:39.524000+00:00,2002,24445.25,0.5233111381530762,BUY,1,1.0,+0.00,+26350.00,276350.00
2026-02-05T23:22:05.384003+00:00,2010,24370.0,0.3824644088745117,SELL,1,0.0,-1505.00,+24845.00,274845.00
2026-02-05T23:36:40.015002+00:00,2013,24356.25,-0.9106194972991943,SELL,1,-1.0,+0.00,+24845.00,274845.00
2026-02-06T01:47:33.398014+00:00,2036,24493.0,-0.3751958906650543,BUY,1,0.0,-2735.00,+22110.00,272110.00
2026-02-06T01:55:45.394001+00:00,2037,24530.0,0.7058902382850647,BUY,1,1.0,+0.00,+22110.00,272110.00
2026-02-06T03:43:48.220004+00:00,2050,24479.0,0.4329918920993805,SELL,1,0.0,-1020.00,+21090.00,271090.00
2026-02-06T04:36:10.604000+00:00,2053,24462.0,0.6414848566055298,BUY,1,1.0,+0.00,+21090.00,271090.00
2026-02-06T05:35:06.570000+00:00,2058,24534.5,-0.3067055940628052,SELL,1,0.0,+1450.00,+22540.00,272540.00
2026-02-06T06:02:20.820000+00:00,2060,24598.0,-0.9836701154708862,SELL,1,-1.0,+0.00,+22540.00,272540.00
2026-02-09T06:00:46.157000+00:00,2225,25187.75,-0.4770449697971344,BUY,1,0.0,-11795.00,+10745.00,260745.00
2026-02-09T06:08:04.061000+00:00,2226,25204.0,-0.7070872187614441,SELL,1,-1.0,+0.00,+10745.00,260745.00
2026-02-09T08:29:14.013000+00:00,2233,25175.25,-0.4530063569545746,BUY,1,0.0,+575.00,+11320.00,261320.00
2026-02-09T09:38:48.947002+00:00,2236,25126.0,0.6829100251197815,BUY,1,1.0,+0.00,+11320.00,261320.00
2026-02-09T13:11:09.018000+00:00,2250,25151.0,0.4863676428794861,SELL,1,0.0,+500.00,+11820.00,261820.00
2026-02-09T14:27:42.152000+00:00,2254,25077.75,0.5306912064552307,BUY,1,1.0,+0.00,+11820.00,261820.00
2026-02-09T14:31:41.479000+00:00,2259,25016.25,0.3947329521179199,SELL,1,0.0,-1230.00,+10590.00,260590.00
2026-02-09T14:33:40.897000+00:00,2263,25037.75,-0.5526874661445618,SELL,1,-1.0,+0.00,+10590.00,260590.00
2026-02-10T13:09:21.449000+00:00,2336,25300.5,-0.35000818967819214,BUY,1,0.0,-5255.00,+5335.00,255335.00
2026-02-10T13:30:34.506000+00:00,2338,25302.0,0.9024242162704468,BUY,1,1.0,+0.00,+5335.00,255335.00
2026-02-10T14:30:13.546007+00:00,2342,25397.75,0.23274992406368256,SELL,1,0.0,+1915.00,+7250.00,257250.00
2026-02-10T14:33:56.593005+00:00,2346,25354.0,-0.5361639261245728,SELL,1,-1.0,+0.00,+7250.00,257250.00
2026-02-10T14:49:45.975011+00:00,2354,25256.5,-0.25522512197494507,BUY,1,0.0,+1950.00,+9200.00,259200.00
2026-02-10T14:55:33.739000+00:00,2357,25374.0,0.5712969303131104,BUY,1,1.0,+0.00,+9200.00,259200.00
2026-02-11T14:36:06.919002+00:00,2432,25401.75,0.4223833978176117,SELL,1,0.0,+555.00,+9755.00,259755.00
2026-02-11T14:37:37.746000+00:00,2435,25385.25,-0.5666082501411438,SELL,1,-1.0,+0.00,+9755.00,259755.00
2026-02-11T15:36:21.845003+00:00,2467,25168.75,0.0889383926987648,BUY,1,0.0,+4330.00,+14085.00,264085.00
2026-02-11T15:37:16.544005+00:00,2468,25129.75,0.7143658399581909,BUY,1,1.0,+0.00,+14085.00,264085.00
2026-02-11T16:58:51.469000+00:00,2492,25181.75,0.3885204792022705,SELL,1,0.0,+1040.00,+15125.00,265125.00
2026-02-11T17:02:03.770000+00:00,2493,25151.0,0.5390620231628418,BUY,1,1.0,+0.00,+15125.00,265125.00
2026-02-11T17:07:36.888018+00:00,2494,25181.75,-0.3315330147743225,SELL,1,0.0,+615.00,+15740.00,265740.00
2026-02-11T17:11:07.081001+00:00,2495,25215.5,-0.8542834520339966,SELL,1,-1.0,+0.00,+15740.00,265740.00
2026-02-12T05:19:19.627001+00:00,2529,25343.0,-0.3836848735809326,BUY,1,0.0,-2550.00,+13190.00,263190.00
2026-02-12T06:31:28.952051+00:00,2530,25304.75,0.7869974374771118,BUY,1,1.0,+0.00,+13190.00,263190.00
2026-02-12T15:30:49.576000+00:00,2571,25250.25,-0.6420354247093201,SELL,2,-1.0,-1090.00,+12100.00,262100.00
2026-02-12T15:37:54.233000+00:00,2574,25148.25,-0.13855119049549103,BUY,1,0.0,+2040.00,+14140.00,264140.00
2026-02-12T16:17:28.674001+00:00,2586,24938.75,0.8514581918716431,BUY,1,1.0,+0.00,+14140.00,264140.00
2026-02-12T16:46:50.368000+00:00,2599,24862.0,0.4750725030899048,SELL,1,0.0,-1535.00,+12605.00,262605.00
2026-02-12T17:02:54.599000+00:00,2604,24871.25,-0.6231932044029236,SELL,1,-1.0,+0.00,+12605.00,262605.00
2026-02-12T17:22:01.344000+00:00,2610,24874.25,-0.2882783114910126,BUY,1,0.0,-60.00,+12545.00,262545.00
2026-02-12T17:26:11.630002+00:00,2611,24904.75,0.6853929758071899,BUY,1,1.0,+0.00,+12545.00,262545.00
2026-02-12T17:50:16.352000+00:00,2617,24909.0,0.37419161200523376,SELL,1,0.0,+85.00,+12630.00,262630.00
2026-02-12T17:52:37.899003+00:00,2618,24872.0,0.5931138396263123,BUY,1,1.0,+0.00,+12630.00,262630.00
2026-02-12T18:10:13.152000+00:00,2623,24841.75,0.33756160736083984,SELL,1,0.0,-605.00,+12025.00,262025.00
2026-02-12T18:22:54.047000+00:00,2625,24842.5,-0.8523097038269043,SELL,1,-1.0,+0.00,+12025.00,262025.00
2026-02-13T11:34:10.651000+00:00,2711,24664.0,-0.2181478887796402,BUY,1,0.0,+3570.00,+15595.00,265595.00
2026-02-13T11:53:58.382000+00:00,2714,24700.25,-0.5699799656867981,SELL,1,-1.0,+0.00,+15595.00,265595.00
2026-02-13T14:42:06.371000+00:00,2770,24583.0,-0.4407724440097809,BUY,1,0.0,+2345.00,+17940.00,267940.00
2026-02-13T14:47:08.199000+00:00,2778,24775.0,0.8969300985336304,BUY,1,1.0,+0.00,+17940.00,267940.00
2026-02-13T15:08:08.386000+00:00,2807,24761.75,0.4409027695655823,SELL,1,0.0,-265.00,+17675.00,267675.00
2026-02-13T15:08:56.876000+00:00,2808,24795.25,-0.5190024375915527,SELL,1,-1.0,+0.00,+17675.00,267675.00
2026-02-13T16:37:52.866000+00:00,2853,24837.25,-0.2773270606994629,BUY,1,0.0,-840.00,+16835.00,266835.00
2026-02-13T16:59:17.365031+00:00,2858,24894.5,-0.9660435914993286,SELL,1,-1.0,+0.00,+16835.00,266835.00
2026-02-15T23:14:13.918005+00:00,2898,24794.5,-0.41350099444389343,BUY,1,0.0,+2000.00,+18835.00,268835.00
2026-02-15T23:30:51.460000+00:00,2899,24830.5,-0.5755782127380371,SELL,1,-1.0,+0.00,+18835.00,268835.00
2026-02-16T08:35:47.940000+00:00,2907,24857.5,-0.43934765458106995,BUY,1,0.0,-540.00,+18295.00,268295.00
2026-02-16T08:46:02.951000+00:00,2908,24892.75,0.663284957408905,BUY,1,1.0,+0.00,+18295.00,268295.00
2026-02-17T01:49:38.399047+00:00,2939,24757.0,0.3902866244316101,SELL,1,0.0,-2715.00,+15580.00,265580.00
2026-02-17T01:56:30.130004+00:00,2942,24655.0,-0.5399681329727173,SELL,1,-1.0,+0.00,+15580.00,265580.00
2026-02-17T03:21:23.541000+00:00,2948,24635.0,-0.11720395088195801,BUY,1,0.0,+400.00,+15980.00,265980.00
2026-02-17T03:32:08.635001+00:00,2949,24602.25,0.6520745158195496,BUY,1,1.0,+0.00,+15980.00,265980.00
2026-02-17T08:53:21.117002+00:00,2962,24631.25,0.20295339822769165,SELL,1,0.0,+580.00,+16560.00,266560.00
2026-02-17T09:31:39.543000+00:00,2965,24676.75,0.7681959867477417,BUY,1,1.0,+0.00,+16560.00,266560.00
2026-02-17T13:51:06.991002+00:00,2982,24646.75,-0.16749106347560883,SELL,1,0.0,-600.00,+15960.00,265960.00
2026-02-17T13:51:45.784001+00:00,2983,24684.0,-0.9081501364707947,SELL,1,-1.0,+0.00,+15960.00,265960.00
2026-02-17T14:55:04.874014+00:00,3016,24519.75,0.13161663711071014,BUY,1,0.0,+3285.00,+19245.00,269245.00
2026-02-17T14:57:06.778005+00:00,3018,24533.25,0.9712733030319214,BUY,1,1.0,+0.00,+19245.00,269245.00
2026-02-17T15:41:35.830000+00:00,3044,24465.0,0.4224373698234558,SELL,1,0.0,-1365.00,+17880.00,267880.00
2026-02-17T15:43:24.044051+00:00,3045,24497.25,-0.6258296966552734,SELL,1,-1.0,+0.00,+17880.00,267880.00
2026-02-17T17:53:12.526000+00:00,3084,24614.5,0.05522660166025162,BUY,1,0.0,-2345.00,+15535.00,265535.00
2026-02-17T17:57:39.719006+00:00,3085,24648.75,0.8830350041389465,BUY,1,1.0,+0.00,+15535.00,265535.00
2026-02-18T12:14:57.074007+00:00,3132,24959.75,0.25332534313201904,SELL,1,0.0,+6220.00,+21755.00,271755.00
2026-02-18T13:34:30.467007+00:00,3138,24881.75,-0.8320413827896118,SELL,1,-1.0,+0.00,+21755.00,271755.00
2026-02-18T14:30:17.265000+00:00,3142,24783.5,-0.48200398683547974,BUY,1,0.0,+1965.00,+23720.00,273720.00
2026-02-18T14:31:40.156001+00:00,3144,24817.25,-0.7681682705879211,SELL,1,-1.0,+0.00,+23720.00,273720.00
2026-02-18T14:38:38.950000+00:00,3152,24796.5,-0.33337870240211487,BUY,1,0.0,+415.00,+24135.00,274135.00
2026-02-18T14:45:46.527000+00:00,3161,24863.0,-0.8425212502479553,SELL,1,-1.0,+0.00,+24135.00,274135.00
2026-02-18T20:10:01.176000+00:00,3196,24880.75,-0.3905702829360962,BUY,1,0.0,-355.00,+23780.00,273780.00
2026-02-18T20:39:33.389000+00:00,3198,24932.0,0.8785733580589294,BUY,1,1.0,+0.00,+23780.00,273780.00
2026-02-19T13:53:44.913000+00:00,3235,24876.0,0.31881335377693176,SELL,1,0.0,-1120.00,+22660.00,272660.00
2026-02-19T14:04:11.677000+00:00,3236,24840.5,0.6118553876876831,BUY,1,1.0,+0.00,+22660.00,272660.00
2026-02-19T14:19:46.325002+00:00,3237,24868.0,-0.1974303275346756,SELL,1,0.0,+550.00,+23210.00,273210.00
2026-02-19T14:31:05.892001+00:00,3240,24879.25,-0.828601598739624,SELL,1,-1.0,+0.00,+23210.00,273210.00
2026-02-19T14:36:12.512062+00:00,3246,24770.25,-0.166733980178833,BUY,1,0.0,+2180.00,+25390.00,275390.00
2026-02-19T14:40:03.276000+00:00,3249,24796.5,-0.7541943192481995,SELL,1,-1.0,+0.00,+25390.00,275390.00
2026-02-19T16:44:53.332000+00:00,3287,24861.5,-0.1963818073272705,BUY,1,0.0,-1300.00,+24090.00,274090.00
2026-02-19T16:49:17.351007+00:00,3288,24824.25,0.5659934878349304,BUY,1,1.0,+0.00,+24090.00,274090.00
2026-02-19T17:24:14.903001+00:00,3293,24900.75,-0.1506442129611969,SELL,1,0.0,+1530.00,+25620.00,275620.00
2026-02-19T17:48:36.742017+00:00,3296,24795.5,0.5892537832260132,BUY,1,1.0,+0.00,+25620.00,275620.00
2026-02-19T18:59:09.265011+00:00,3306,24839.25,0.3314008414745331,SELL,1,0.0,+875.00,+26495.00,276495.00
2026-02-19T23:27:03.559000+00:00,3315,24866.0,-0.9609163999557495,SELL,1,-1.0,+0.00,+26495.00,276495.00
2026-02-20T14:12:03.726000+00:00,3341,24744.0,-0.017091825604438782,BUY,1,0.0,+2440.00,+28935.00,278935.00
2026-02-20T14:15:57.495016+00:00,3342,24712.5,0.8736698627471924,BUY,1,1.0,+0.00,+28935.00,278935.00
2026-02-20T15:01:15.313000+00:00,3370,25041.25,0.4157584309577942,SELL,1,0.0,+6575.00,+35510.00,285510.00
2026-02-20T15:01:24.137000+00:00,3371,25045.75,0.5419120788574219,BUY,1,1.0,+0.00,+35510.00,285510.00
2026-02-20T15:22:49.831007+00:00,3401,25028.5,-0.16871412098407745,SELL,1,0.0,-345.00,+35165.00,285165.00
2026-02-20T15:26:34.443002+00:00,3403,25020.0,-0.9375457763671875,SELL,1,-1.0,+0.00,+35165.00,285165.00
2026-02-20T17:27:20.874036+00:00,3443,24919.25,-0.3513748347759247,BUY,1,0.0,+2015.00,+37180.00,287180.00
2026-02-20T17:30:05.826001+00:00,3444,24934.5,0.5262079834938049,BUY,1,1.0,+0.00,+37180.00,287180.00
2026-02-20T18:33:25.894006+00:00,3471,25038.5,0.2619299292564392,SELL,1,0.0,+2080.00,+39260.00,289260.00
2026-02-20T18:34:48.629002+00:00,3472,25026.25,-0.6019580364227295,SELL,1,-1.0,+0.00,+39260.00,289260.00
2026-02-23T01:33:55.045000+00:00,3508,24842.25,0.4972243010997772,BUY,1,0.0,+3680.00,+42940.00,292940.00
2026-02-23T01:54:38.682000+00:00,3509,24841.75,0.933991014957428,BUY,1,1.0,+0.00,+42940.00,292940.00
2026-02-23T15:04:12.018260+00:00,3551,24896.25,0.4170297682285309,SELL,1,0.0,+1090.00,+44030.00,294030.00
2026-02-23T15:21:10.555013+00:00,3558,24919.75,-0.8289477825164795,SELL,1,-1.0,+0.00,+44030.00,294030.00
2026-02-23T17:34:42.571023+00:00,3577,24723.75,-0.40755152702331543,BUY,1,0.0,+3920.00,+47950.00,297950.00
2026-02-23T18:07:04.063000+00:00,3581,24772.0,-0.5873363614082336,SELL,1,-1.0,+0.00,+47950.00,297950.00
2026-02-23T18:58:37.207000+00:00,3585,24725.25,0.030620181933045387,BUY,1,0.0,+935.00,+48885.00,298885.00
2026-02-23T19:43:09.314030+00:00,3587,24690.25,0.9258928894996643,BUY,1,1.0,+0.00,+48885.00,298885.00
2026-02-23T20:59:56.226005+00:00,3593,24771.25,0.47617867588996887,SELL,1,0.0,+1620.00,+50505.00,300505.00
2026-02-23T23:31:57.140038+00:00,3596,24824.25,-0.7723339796066284,SELL,1,-1.0,+0.00,+50505.00,300505.00
2026-02-24T08:35:58.729000+00:00,3608,24781.25,-0.4181181788444519,BUY,1,0.0,+860.00,+51365.00,301365.00
2026-02-24T09:48:11.038001+00:00,3612,24834.25,-0.7724464535713196,SELL,1,-1.0,+0.00,+51365.00,301365.00
2026-02-24T16:02:06.690012+00:00,3655,25007.5,-0.4400847256183624,BUY,1,0.0,-3465.00,+47900.00,297900.00
2026-02-24T16:20:19.262000+00:00,3657,25007.25,0.8334600329399109,BUY,1,1.0,+0.00,+47900.00,297900.00
2026-02-25T14:30:02.169002+00:00,3691,25169.75,-0.04528675228357315,SELL,1,0.0,+3250.00,+51150.00,301150.00
2026-02-25T14:30:45.931001+00:00,3692,25209.0,-0.8066471219062805,SELL,1,-1.0,+0.00,+51150.00,301150.00
2026-02-26T15:01:41.742000+00:00,3765,25144.0,-0.34170854091644287,BUY,1,0.0,+1300.00,+52450.00,302450.00
2026-02-26T15:46:45.893000+00:00,3791,24985.0,0.6182015538215637,BUY,1,1.0,+0.00,+52450.00,302450.00
2026-02-26T16:16:07.611000+00:00,3801,25064.0,0.4835072457790375,SELL,1,0.0,+1580.00,+54030.00,304030.00
2026-02-26T16:53:32.479000+00:00,3808,24989.25,0.5005006790161133,BUY,1,1.0,+0.00,+54030.00,304030.00
2026-02-27T00:11:03.452000+00:00,3837,25015.0,-0.4666285514831543,SELL,1,0.0,+515.00,+54545.00,304545.00
2026-02-27T00:33:40.932000+00:00,3838,24986.25,-0.7668945789337158,SELL,1,-1.0,+0.00,+54545.00,304545.00
2026-02-27T14:18:40.689003+00:00,3876,24820.25,-0.2793889045715332,BUY,1,0.0,+3320.00,+57865.00,307865.00
2026-02-27T14:30:05.008001+00:00,3878,24836.0,0.5260329246520996,BUY,1,1.0,+0.00,+57865.00,307865.00
2026-02-27T14:32:06.185000+00:00,3880,24845.0,0.4807816743850708,SELL,1,0.0,+180.00,+58045.00,308045.00
2026-02-27T14:34:21.495000+00:00,3883,24864.25,0.8437495827674866,BUY,1,1.0,+0.00,+58045.00,308045.00
2026-02-27T14:44:43.965002+00:00,3893,24858.5,-0.023396926000714302,SELL,1,0.0,-115.00,+57930.00,307930.00
2026-02-27T14:45:29.658000+00:00,3895,24856.25,-0.9031754732131958,SELL,1,-1.0,+0.00,+57930.00,307930.00
2026-02-27T19:06:31.556073+00:00,3955,24960.5,-0.45573389530181885,BUY,1,0.0,-2085.00,+55845.00,305845.00
2026-02-27T20:10:57.284105+00:00,3959,24938.0,0.7724372148513794,BUY,1,1.0,+0.00,+55845.00,305845.00
2026-02-27T20:15:02.891000+00:00,3960,24971.25,0.4278019070625305,SELL,1,0.0,+665.00,+56510.00,306510.00
2026-02-27T20:38:34.236000+00:00,3962,24925.0,0.8553566932678223,BUY,1,1.0,+0.00,+56510.00,306510.00
2026-03-01T23:00:28.003006+00:00,3981,24716.75,-0.0031816218979656696,SELL,1,0.0,-4165.00,+52345.00,302345.00
2026-03-01T23:01:28.673007+00:00,3983,24730.5,-0.7437857389450073,SELL,1,-1.0,+0.00,+52345.00,302345.00
2026-03-02T06:45:19.715001+00:00,4026,24603.0,-0.29655522108078003,BUY,1,0.0,+2550.00,+54895.00,304895.00
2026-03-02T06:49:39.879000+00:00,4027,24579.75,0.5621664524078369,BUY,1,1.0,+0.00,+54895.00,304895.00
2026-03-02T08:39:20.946005+00:00,4045,24545.75,0.13493920862674713,SELL,1,0.0,-680.00,+54215.00,304215.00
2026-03-02T08:46:12.551001+00:00,4046,24581.0,-0.579721212387085,SELL,1,-1.0,+0.00,+54215.00,304215.00
2026-03-02T09:04:04.903000+00:00,4048,24592.0,0.15262766182422638,BUY,1,0.0,-220.00,+53995.00,303995.00
2026-03-02T09:08:32.301000+00:00,4049,24610.5,0.7597960233688354,BUY,1,1.0,+0.00,+53995.00,303995.00
2026-03-02T14:36:10.932000+00:00,4082,24856.75,-0.016689490526914597,SELL,1,0.0,+4925.00,+58920.00,308920.00
2026-03-02T14:37:12.160032+00:00,4083,24879.0,-0.5207808017730713,SELL,1,-1.0,+0.00,+58920.00,308920.00
2026-03-02T14:38:06.801000+00:00,4084,24845.0,-0.2528228461742401,BUY,1,0.0,+680.00,+59600.00,309600.00
2026-03-02T14:43:14.010000+00:00,4088,24841.5,-0.745679497718811,SELL,1,-1.0,+0.00,+59600.00,309600.00
2026-03-02T20:55:07.927000+00:00,4155,25048.5,-0.4853806495666504,BUY,1,0.0,-4140.00,+55460.00,305460.00
2026-03-02T20:59:34.241000+00:00,4156,25022.75,0.7171822786331177,BUY,1,1.0,+0.00,+55460.00,305460.00
2026-03-03T12:39:05.438000+00:00,4234,24589.75,0.12513571977615356,SELL,1,0.0,-8660.00,+46800.00,296800.00
2026-03-03T12:56:04.902000+00:00,4237,24597.5,-0.6280995011329651,SELL,1,-1.0,+0.00,+46800.00,296800.00
2026-03-03T14:48:14.310003+00:00,4272,24537.0,-0.19310003519058228,BUY,1,0.0,+1210.00,+48010.00,298010.00
2026-03-03T14:49:22.541017+00:00,4273,24500.25,0.6568155884742737,BUY,1,1.0,+0.00,+48010.00,298010.00
2026-03-03T15:11:17.574003+00:00,4295,24519.75,-0.11598564684391022,SELL,1,0.0,+390.00,+48400.00,298400.00
2026-03-03T15:12:13.425000+00:00,4296,24544.0,-0.7699536085128784,SELL,1,-1.0,+0.00,+48400.00,298400.00
2026-03-03T15:17:51.674011+00:00,4299,24446.25,-0.46694159507751465,BUY,1,0.0,+1955.00,+50355.00,300355.00
2026-03-03T15:31:44.233000+00:00,4305,24434.5,0.5127301812171936,BUY,1,1.0,+0.00,+50355.00,300355.00
2026-03-03T16:55:00.917001+00:00,4342,24701.0,0.3720379173755646,SELL,1,0.0,+5330.00,+55685.00,305685.00
2026-03-03T17:01:30.836021+00:00,4344,24651.5,-0.6738579273223877,SELL,1,-1.0,+0.00,+55685.00,305685.00
2026-03-04T14:42:01.563001+00:00,4514,24843.25,-0.2946828603744507,BUY,1,0.0,-3835.00,+51850.00,301850.00
2026-03-04T14:47:57.708004+00:00,4518,24879.5,0.5908330082893372,BUY,1,1.0,+0.00,+51850.00,301850.00
2026-03-04T15:00:01.516015+00:00,4526,24963.25,0.18665805459022522,SELL,1,0.0,+1675.00,+53525.00,303525.00
2026-03-04T15:04:39.343000+00:00,4530,24931.5,-0.5647472143173218,SELL,1,-1.0,+0.00,+53525.00,303525.00
2026-03-04T20:50:03.001000+00:00,4567,25127.75,0.2661982476711273,BUY,1,0.0,-3925.00,+49600.00,299600.00
2026-03-04T21:07:12.004004+00:00,4569,25132.5,0.5462024211883545,BUY,1,1.0,+0.00,+49600.00,299600.00
2026-03-04T21:15:00.728008+00:00,4570,25116.25,0.38882309198379517,SELL,1,0.0,-325.00,+49275.00,299275.00
2026-03-04T21:15:18.030001+00:00,4571,25154.25,-0.7597631216049194,SELL,1,-1.0,+0.00,+49275.00,299275.00
2026-03-04T23:44:07.119002+00:00,4574,25180.0,-0.19128377735614777,BUY,1,0.0,-515.00,+48760.00,298760.00
2026-03-05T01:17:27.150000+00:00,4579,25163.75,0.6399717926979065,BUY,1,1.0,+0.00,+48760.00,298760.00
2026-03-05T07:25:25.629000+00:00,4604,25090.75,0.1241099163889885,SELL,1,0.0,-1460.00,+47300.00,297300.00
2026-03-05T08:32:38.369000+00:00,4611,25014.25,-0.6750101447105408,SELL,1,-1.0,+0.00,+47300.00,297300.00
2026-03-05T14:30:38.436003+00:00,4645,25030.75,0.29086214303970337,BUY,1,0.0,-330.00,+46970.00,296970.00
2026-03-05T14:34:00.256004+00:00,4647,25087.5,0.8828731775283813,BUY,1,1.0,+0.00,+46970.00,296970.00
2026-03-05T14:55:04.353001+00:00,4658,25145.5,0.37295079231262207,SELL,1,0.0,+1160.00,+48130.00,298130.00
2026-03-05T15:00:25.995000+00:00,4660,25200.0,-0.7235695719718933,SELL,1,-1.0,+0.00,+48130.00,298130.00
2026-03-05T15:07:56.232000+00:00,4662,25139.5,-0.08115316927433014,BUY,1,0.0,+1210.00,+49340.00,299340.00
2026-03-05T15:20:22.476015+00:00,4668,25090.75,0.758243978023529,BUY,1,1.0,+0.00,+49340.00,299340.00
2026-03-05T15:48:02.425003+00:00,4680,25073.0,0.3646520972251892,SELL,1,0.0,-355.00,+48985.00,298985.00
2026-03-05T15:49:10.803000+00:00,4681,25039.25,0.534269392490387,BUY,1,1.0,+0.00,+48985.00,298985.00
2026-03-05T15:50:31.406000+00:00,4682,25072.75,0.414217084646225,SELL,1,0.0,+670.00,+49655.00,299655.00
2026-03-05T16:00:05.037000+00:00,4684,25089.75,0.7208824753761292,BUY,1,1.0,+0.00,+49655.00,299655.00
2026-03-05T19:19:52.042001+00:00,4743,24860.75,0.46882256865501404,SELL,1,0.0,-4580.00,+45075.00,295075.00
2026-03-05T19:54:52.267000+00:00,4749,24842.0,-0.9818383455276489,SELL,1,-1.0,+0.00,+45075.00,295075.00
2026-03-06T10:43:14.963000+00:00,4797,24941.0,-0.226951465010643,BUY,1,0.0,-1980.00,+43095.00,293095.00
2026-03-06T11:41:07.954000+00:00,4803,24884.5,0.8576270937919617,BUY,1,1.0,+0.00,+43095.00,293095.00
2026-03-06T14:31:27.288001+00:00,4847,24693.5,0.2468218356370926,SELL,1,0.0,-3820.00,+39275.00,289275.00
2026-03-06T14:35:48.420001+00:00,4852,24642.25,0.6639924049377441,BUY,1,1.0,+0.00,+39275.00,289275.00
2026-03-06T14:49:02.022000+00:00,4867,24690.75,0.48433834314346313,SELL,1,0.0,+970.00,+40245.00,290245.00
2026-03-06T14:51:19.605025+00:00,4869,24734.5,-0.5748655796051025,SELL,1,-1.0,+0.00,+40245.00,290245.00
2026-03-06T14:55:58.455000+00:00,4871,24672.5,-0.35337117314338684,BUY,1,0.0,+1240.00,+41485.00,291485.00
2026-03-06T15:00:01.910012+00:00,4874,24708.0,-0.7619139552116394,SELL,1,-1.0,+0.00,+41485.00,291485.00
2026-03-06T16:54:27.940001+00:00,4914,24875.0,-0.4769776165485382,BUY,1,0.0,-3340.00,+38145.00,288145.00
2026-03-06T17:05:11.259000+00:00,4917,24885.75,0.9505531787872314,BUY,1,1.0,+0.00,+38145.00,288145.00
2026-03-06T18:22:44.283000+00:00,4936,24856.25,0.442330926656723,SELL,1,0.0,-590.00,+37555.00,287555.00
2026-03-06T18:31:11.523042+00:00,4938,24855.5,-0.7824997305870056,SELL,1,-1.0,+0.00,+37555.00,287555.00
2026-03-06T20:50:08.884013+00:00,4966,24668.0,0.3976826071739197,BUY,1,0.0,+3750.00,+41305.00,291305.00
2026-03-06T21:45:45.219005+00:00,4970,24670.0,0.8855379819869995,BUY,1,1.0,+0.00,+41305.00,291305.00
2026-03-08T22:00:16.068004+00:00,4979,24419.75,0.48447197675704956,SELL,1,0.0,-5005.00,+36300.00,286300.00
2026-03-08T22:00:19.214004+00:00,4981,24411.25,-0.691540002822876,SELL,1,-1.0,+0.00,+36300.00,286300.00
2026-03-08T22:10:05.525000+00:00,4998,24275.0,0.23217569291591644,BUY,1,0.0,+2725.00,+39025.00,289025.00
2026-03-08T22:16:04.088002+00:00,5001,24264.0,0.9425954818725586,BUY,1,1.0,+0.00,+39025.00,289025.00
2026-03-09T00:19:50.837000+00:00,5019,24168.5,0.02938573621213436,SELL,1,0.0,-1910.00,+37115.00,287115.00
2026-03-09T00:23:46.775000+00:00,5020,24145.0,-0.5550178289413452,SELL,1,-1.0,+0.00,+37115.00,287115.00
2026-03-09T01:47:38.556002+00:00,5033,24041.5,0.07772278785705566,BUY,1,0.0,+2070.00,+39185.00,289185.00
2026-03-09T01:51:08.815021+00:00,5034,24013.0,0.8361158967018127,BUY,1,1.0,+0.00,+39185.00,289185.00
2026-03-09T02:05:18.823000+00:00,5038,24006.5,0.1506098061800003,SELL,1,0.0,-130.00,+39055.00,289055.00
2026-03-09T03:35:04.207000+00:00,5046,24129.0,0.7722530364990234,BUY,1,1.0,+0.00,+39055.00,289055.00
2026-03-09T10:08:51.703002+00:00,5098,24375.75,0.4219321608543396,SELL,1,0.0,+4935.00,+43990.00,293990.00
2026-03-09T10:16:53.599000+00:00,5099,24408.75,-0.600220799446106,SELL,1,-1.0,+0.00,+43990.00,293990.00
2026-03-09T13:50:57.775018+00:00,5141,24345.25,-0.12402836978435516,BUY,1,0.0,+1270.00,+45260.00,295260.00
2026-03-09T13:55:09.619016+00:00,5144,24315.0,0.6289293766021729,BUY,1,1.0,+0.00,+45260.00,295260.00
2026-03-09T14:04:17.805000+00:00,5153,24455.75,0.12722067534923553,SELL,1,0.0,+2815.00,+48075.00,298075.00
2026-03-09T14:21:05.198039+00:00,5163,24368.5,-0.8875423073768616,SELL,1,-1.0,+0.00,+48075.00,298075.00
2026-03-10T12:34:00.352000+00:00,5321,24932.0,0.288926362991333,BUY,1,0.0,-11270.00,+36805.00,286805.00
2026-03-10T12:42:10.676001+00:00,5322,24958.25,0.7954410910606384,BUY,1,1.0,+0.00,+36805.00,286805.00
2026-03-10T14:04:48.179000+00:00,5347,24966.75,0.2804059088230133,SELL,1,0.0,+170.00,+36975.00,286975.00
2026-03-10T14:20:57.422000+00:00,5353,24971.5,-0.9050241708755493,SELL,1,-1.0,+0.00,+36975.00,286975.00
2026-03-11T07:37:52.028015+00:00,5440,24968.75,0.20890745520591736,BUY,1,0.0,+55.00,+37030.00,287030.00
2026-03-11T07:51:00.808000+00:00,5441,24985.25,0.6255168914794922,BUY,1,1.0,+0.00,+37030.00,287030.00
2026-03-11T08:00:34.655000+00:00,5442,25025.0,0.3722604215145111,SELL,1,0.0,+795.00,+37825.00,287825.00
2026-03-11T09:23:06.292000+00:00,5449,24966.0,-0.507623016834259,SELL,1,-1.0,+0.00,+37825.00,287825.00
2026-03-11T09:28:52.479000+00:00,5450,24930.0,-0.39026960730552673,BUY,1,0.0,+720.00,+38545.00,288545.00
2026-03-11T10:32:24.257000+00:00,5454,24998.0,-0.5516783595085144,SELL,1,-1.0,+0.00,+38545.00,288545.00
2026-03-11T11:50:06.067000+00:00,5458,24933.0,-0.3348275125026703,BUY,1,0.0,+1300.00,+39845.00,289845.00
2026-03-11T12:29:41.975001+00:00,5462,24997.0,-0.9203524589538574,SELL,1,-1.0,+0.00,+39845.00,289845.00
2026-03-11T14:48:05.588001+00:00,5503,25056.5,0.007428423967212439,BUY,1,0.0,-1190.00,+38655.00,288655.00
2026-03-11T15:02:24.060001+00:00,5505,25050.0,0.9491541981697083,BUY,1,1.0,+0.00,+38655.00,288655.00
2026-03-11T17:14:35.278000+00:00,5528,24986.25,0.2623947262763977,SELL,1,0.0,-1275.00,+37380.00,287380.00
2026-03-11T17:25:12.335008+00:00,5529,25010.5,0.5100094676017761,BUY,1,1.0,+0.00,+37380.00,287380.00
2026-03-11T17:36:36.077000+00:00,5530,24981.25,0.25751882791519165,SELL,1,0.0,-585.00,+36795.00,286795.00
2026-03-11T17:37:52.332000+00:00,5532,24909.5,-0.5105726718902588,SELL,1,-1.0,+0.00,+36795.00,286795.00
2026-03-11T17:39:12.656000+00:00,5533,24913.5,-0.48521578311920166,BUY,1,0.0,-80.00,+36715.00,286715.00
2026-03-11T17:44:44.918000+00:00,5535,24939.0,0.5808742046356201,BUY,1,1.0,+0.00,+36715.00,286715.00
2026-03-11T23:50:42.857006+00:00,5558,24773.25,0.08808664977550507,SELL,1,0.0,-3315.00,+33400.00,283400.00
2026-03-12T00:06:09.856001+00:00,5559,24751.0,-0.5236381888389587,SELL,1,-1.0,+0.00,+33400.00,283400.00
2026-03-12T14:37:58.028000+00:00,5626,24592.25,-0.20872658491134644,BUY,1,0.0,+3175.00,+36575.00,286575.00
2026-03-12T14:47:35.333014+00:00,5632,24680.0,0.5726683735847473,BUY,1,1.0,+0.00,+36575.00,286575.00
2026-03-12T15:02:41.713001+00:00,5637,24587.0,0.4964194893836975,SELL,1,0.0,-1860.00,+34715.00,284715.00
2026-03-12T15:39:21.617000+00:00,5644,24645.25,-0.835573136806488,SELL,1,-1.0,+0.00,+34715.00,284715.00
2026-03-12T19:54:10.054001+00:00,5692,24553.25,-0.09407564252614975,BUY,1,0.0,+1840.00,+36555.00,286555.00
2026-03-12T22:07:07.151004+00:00,5697,24580.0,-0.5011072754859924,SELL,1,-1.0,+0.00,+36555.00,286555.00
2026-03-12T22:17:35.297001+00:00,5698,24546.75,-0.03745901584625244,BUY,1,0.0,+665.00,+37220.00,287220.00
2026-03-12T23:46:13.162005+00:00,5702,24546.75,0.7392126321792603,BUY,1,1.0,+0.00,+37220.00,287220.00
2026-03-13T00:35:11.055006+00:00,5707,24640.25,0.03995368257164955,SELL,1,0.0,+1870.00,+39090.00,289090.00
2026-03-13T06:54:54.897005+00:00,5717,24481.5,0.5000941157341003,BUY,1,1.0,+0.00,+39090.00,289090.00
2026-03-13T09:00:15.071000+00:00,5726,24531.75,-0.18060952425003052,SELL,1,0.0,+1005.00,+40095.00,290095.00
2026-03-13T09:02:52.858000+00:00,5727,24561.5,-0.6534136533737183,SELL,1,-1.0,+0.00,+40095.00,290095.00
2026-03-13T13:56:14.241000+00:00,5761,24756.75,-0.07101909816265106,BUY,1,0.0,-3905.00,+36190.00,286190.00
2026-03-13T13:57:52.586000+00:00,5762,24735.75,0.5543700456619263,BUY,1,1.0,+0.00,+36190.00,286190.00
2026-03-13T18:32:44.753002+00:00,5827,24438.5,-0.2436063587665558,SELL,1,0.0,-5945.00,+30245.00,280245.00
2026-03-13T20:52:29.291000+00:00,5834,24343.5,0.8778077363967896,BUY,1,1.0,+0.00,+30245.00,280245.00
2026-03-15T22:00:31.971001+00:00,5841,24331.75,0.1048075333237648,SELL,1,0.0,-235.00,+30010.00,280010.00
2026-03-15T22:00:34.598002+00:00,5842,24350.0,-0.7642205953598022,SELL,1,-1.0,+0.00,+30010.00,280010.00
2026-03-16T14:29:30.601021+00:00,5899,24724.5,-0.47462892532348633,BUY,1,0.0,-7490.00,+22520.00,272520.00
2026-03-16T14:59:45.607016+00:00,5906,24688.75,-0.5451968312263489,SELL,1,-1.0,+0.00,+22520.00,272520.00
2026-03-16T15:05:13.171004+00:00,5907,24659.0,-0.13006100058555603,BUY,1,0.0,+595.00,+23115.00,273115.00
2026-03-16T15:58:33.205046+00:00,5911,24673.5,0.9654788970947266,BUY,1,1.0,+0.00,+23115.00,273115.00
2026-03-17T07:19:15.576000+00:00,5946,24565.75,0.18244454264640808,SELL,1,0.0,-2155.00,+20960.00,270960.00
2026-03-17T08:01:21.957000+00:00,5948,24591.5,-0.6995033025741577,SELL,1,-1.0,+0.00,+20960.00,270960.00
2026-03-17T08:35:44.072000+00:00,5950,24539.75,-0.1954907774925232,BUY,1,0.0,+1035.00,+21995.00,271995.00
2026-03-17T08:53:07.344000+00:00,5952,24546.0,0.7738078236579895,BUY,1,1.0,+0.00,+21995.00,271995.00
2026-03-17T09:25:36.134000+00:00,5954,24602.0,0.10406526178121567,SELL,1,0.0,+1120.00,+23115.00,273115.00
2026-03-17T10:57:53.005003+00:00,5956,24619.25,-0.9347019791603088,SELL,1,-1.0,+0.00,+23115.00,273115.00
2026-03-18T12:19:19.974000+00:00,6007,24791.0,-0.25875768065452576,BUY,1,0.0,-3435.00,+19680.00,269680.00
2026-03-18T12:48:44.165000+00:00,6013,24676.0,0.6523900032043457,BUY,1,1.0,+0.00,+19680.00,269680.00
2026-03-18T15:25:20.095002+00:00,6041,24682.0,-0.013648075982928276,SELL,1,0.0,+120.00,+19800.00,269800.00
2026-03-18T16:13:53.924000+00:00,6043,24689.0,-0.9056850671768188,SELL,1,-1.0,+0.00,+19800.00,269800.00
2026-03-18T23:01:56.658000+00:00,6079,24388.25,0.18623846769332886,BUY,1,0.0,+6015.00,+25815.00,275815.00
2026-03-18T23:41:55.664000+00:00,6080,24427.5,0.7600836157798767,BUY,1,1.0,+0.00,+25815.00,275815.00
