timestamp                       , bar_num, bar_close, raw_action            , action, quantity, position_after, pnl_realized_usd, total_pnl_usd, equity
2026-01-15T14:51:15.124016+00:00,      32,  25845.5 , -0.5407137870788574   , SELL  ,        1, -1.0          , +0.00           , +0.00        , 250000.00
2026-01-15T14:53:46.713004+00:00,      33,  25883.0 , -0.4670558571815491   , BUY   ,        1, 0.0           , -750.00         , -750.00      , 249250.00
2026-01-16T14:33:25.552006+00:00,      84,  25836.5 , 0.9979376792907715    , BUY   ,        1, 1.0           , +0.00           , -750.00      , 249250.00
2026-01-16T16:30:54.342144+00:00,     105,  25731.75, 0.40785348415374756   , SELL  ,        1, 0.0           , -2095.00        , -2845.00     , 247155.00
2026-01-16T18:08:18.333000+00:00,     110,  25694.25, 0.5495225787162781    , BUY   ,        1, 1.0           , +0.00           , -2845.00     , 247155.00
2026-01-16T18:25:01.776000+00:00,     111,  25728.0 , 0.47698330879211426   , SELL  ,        1, 0.0           , +675.00         , -2170.00     , 247830.00
2026-01-18T23:00:00.228006+00:00,     121,  25436.0 , 0.5561413764953613    , BUY   ,        1, 1.0           , +0.00           , -2170.00     , 247830.00
2026-01-18T23:01:13.240003+00:00,     128,  25431.75, 0.4485517144203186    , SELL  ,        1, 0.0           , -85.00          , -2255.00     , 247745.00
2026-01-18T23:10:29.593000+00:00,     130,  25425.0 , -0.8145720958709717   , SELL  ,        1, -1.0          , +0.00           , -2255.00     , 247745.00
2026-01-20T07:17:11.981000+00:00,     192,  25280.25, -0.4642398953437805   , BUY   ,        1, 0.0           , +2895.00        , +640.00      , 250640.00
2026-01-20T10:21:03.939001+00:00,     207,  25184.25, 0.9896569848060608    , BUY   ,        1, 1.0           , +0.00           , +640.00      , 250640.00
2026-01-20T14:38:31.097032+00:00,     238,  25322.0 , 0.2581223249435425    , SELL  ,        1, 0.0           , +2755.00        , +3395.00     , 253395.00
2026-01-20T14:46:35.133035+00:00,     245,  25284.75, -0.5076246857643127   , SELL  ,        1, -1.0          , +0.00           , +3395.00     , 253395.00
2026-01-20T16:03:31.037000+00:00,     267,  25365.75, -0.4034181237220764   , BUY   ,        1, 0.0           , -1620.00        , +1775.00     , 251775.00
2026-01-20T21:00:53.522004+00:00,     300,  25149.25, 0.9999909996986389    , BUY   ,        1, 1.0           , +0.00           , +1775.00     , 251775.00
2026-01-21T13:53:10.030000+00:00,     330,  25081.0 , 0.17690995335578918   , SELL  ,        1, 0.0           , -1365.00        , +410.00      , 250410.00
2026-01-21T13:55:31.522000+00:00,     331,  25120.0 , -0.805220901966095    , SELL  ,        1, -1.0          , +0.00           , +410.00      , 250410.00
2026-01-21T17:36:17.747004+00:00,     394,  25216.0 , -0.39572107791900635  , BUY   ,        1, 0.0           , -1920.00        , -1510.00     , 248490.00
2026-01-21T17:39:42.054000+00:00,     396,  25211.75, 0.8811613321304321    , BUY   ,        1, 1.0           , +0.00           , -1510.00     , 248490.00
2026-01-21T19:01:55.377042+00:00,     411,  25295.75, -0.41721853613853455  , SELL  ,        1, 0.0           , +1680.00        , +170.00      , 250170.00
2026-01-21T19:52:02.333000+00:00,     432,  25570.25, -0.9972957968711853   , SELL  ,        1, -1.0          , +0.00           , +170.00      , 250170.00
2026-01-22T08:27:20.293007+00:00,     460,  25660.75, -0.2691696286201477   , BUY   ,        1, 0.0           , -1810.00        , -1640.00     , 248360.00
2026-01-22T09:17:37.463000+00:00,     462,  25712.25, -0.6181069016456604   , SELL  ,        1, -1.0          , +0.00           , -1640.00     , 248360.00
2026-01-22T10:17:05.742000+00:00,     463,  25675.5 , -0.3219272792339325   , BUY   ,        1, 0.0           , +735.00         , -905.00      , 249095.00
2026-01-22T11:15:54.049000+00:00,     465,  25673.5 , 0.7245364189147949    , BUY   ,        1, 1.0           , +0.00           , -905.00      , 249095.00
2026-01-22T14:32:17.404002+00:00,     470,  25672.0 , 0.10450787842273712   , SELL  ,        1, 0.0           , -30.00          , -935.00      , 249065.00
2026-01-23T16:28:09.297002+00:00,     550,  25792.25, -0.9622638821601868   , SELL  ,        1, -1.0          , +0.00           , -935.00      , 249065.00
2026-01-23T20:08:34.308005+00:00,     563,  25714.5 , -0.46670249104499817  , BUY   ,        1, 0.0           , +1555.00        , +620.00      , 250620.00
2026-01-25T23:00:11.500000+00:00,     574,  25478.5 , 0.7114930152893066    , BUY   ,        1, 1.0           , +0.00           , +620.00      , 250620.00
2026-01-25T23:01:13.742002+00:00,     583,  25465.75, 0.19503125548362732   , SELL  ,        1, 0.0           , -255.00         , +365.00      , 250365.00
2026-01-25T23:02:11.209005+00:00,     585,  25451.25, -0.756947934627533    , SELL  ,        1, -1.0          , +0.00           , +365.00      , 250365.00
2026-01-30T04:11:30.344000+00:00,     930,  25883.5 , -0.4382823407649994   , BUY   ,        1, 0.0           , -8645.00        , -8280.00     , 241720.00
2026-01-30T06:03:29.756001+00:00,     933,  25822.0 , -0.8172834515571594   , SELL  ,        1, -1.0          , +0.00           , -8280.00     , 241720.00
2026-01-30T06:28:10.238000+00:00,     935,  25765.0 , -0.49912044405937195  , BUY   ,        1, 0.0           , +1140.00        , -7140.00     , 242860.00
2026-01-30T06:30:36.672003+00:00,     936,  25796.75, -0.5146786570549011   , SELL  ,        1, -1.0          , +0.00           , -7140.00     , 242860.00
2026-01-30T06:38:29.038000+00:00,     937,  25810.5 , -0.273227721452713    , BUY   ,        1, 0.0           , -275.00         , -7415.00     , 242585.00
2026-01-30T07:06:44.072001+00:00,     940,  25777.25, -0.6305524706840515   , SELL  ,        1, -1.0          , +0.00           , -7415.00     , 242585.00
2026-01-30T13:30:09.057000+00:00,     983,  25807.5 , -0.0009381879935972393, BUY   ,        1, 0.0           , -605.00         , -8020.00     , 241980.00
2026-01-30T13:30:09.064000+00:00,     984,  25767.5 , 0.616743803024292     , BUY   ,        1, 1.0           , +0.00           , -8020.00     , 241980.00
2026-01-30T13:44:39.182001+00:00,     993,  25832.25, 0.33681315183639526   , SELL  ,        1, 0.0           , +1295.00        , -6725.00     , 243275.00
2026-01-30T14:31:23.765000+00:00,    1001,  25839.5 , -0.7977185845375061   , SELL  ,        1, -1.0          , +0.00           , -6725.00     , 243275.00
2026-01-30T16:29:12.188000+00:00,    1052,  25807.5 , -0.3603772222995758   , BUY   ,        1, 0.0           , +640.00         , -6085.00     , 243915.00
2026-01-30T17:22:09.042000+00:00,    1064,  25745.5 , 0.9999690055847168    , BUY   ,        1, 1.0           , +0.00           , -6085.00     , 243915.00
2026-01-30T18:31:47.623001+00:00,    1084,  25642.75, 0.004427147097885609  , SELL  ,        1, 0.0           , -2055.00        , -8140.00     , 241860.00
2026-01-30T18:37:44.121000+00:00,    1086,  25637.75, -0.6198883652687073   , SELL  ,        1, -1.0          , +0.00           , -8140.00     , 241860.00
2026-02-01T23:01:16.675001+00:00,    1125,  25496.25, -0.42781251668930054  , BUY   ,        1, 0.0           , +2830.00        , -5310.00     , 244690.00
2026-02-02T00:13:07.989000+00:00,    1143,  25586.0 , -0.6340366005897522   , SELL  ,        1, -1.0          , +0.00           , -5310.00     , 244690.00
2026-02-02T01:17:04.488004+00:00,    1154,  25521.0 , -0.49719083309173584  , BUY   ,        1, 0.0           , +1300.00        , -4010.00     , 245990.00
2026-02-02T01:36:33.107000+00:00,    1158,  25494.75, -0.7185747027397156   , SELL  ,        1, -1.0          , +0.00           , -4010.00     , 245990.00
2026-02-02T02:34:01.482002+00:00,    1168,  25408.75, -0.48240888118743896  , BUY   ,        1, 0.0           , +1720.00        , -2290.00     , 247710.00
2026-02-02T04:16:46.356000+00:00,    1183,  25287.0 , -0.8771535158157349   , SELL  ,        1, -1.0          , +0.00           , -2290.00     , 247710.00
2026-02-03T15:07:13.362009+00:00,    1321,  25564.25, -0.3622835874557495   , BUY   ,        1, 0.0           , -5545.00        , -7835.00     , 242165.00
2026-02-03T15:09:19.180000+00:00,    1322,  25588.0 , -0.5112321376800537   , SELL  ,        1, -1.0          , +0.00           , -7835.00     , 242165.00
2026-02-03T18:13:47.040000+00:00,    1375,  25346.5 , -0.23061548173427582  , BUY   ,        1, 0.0           , +4830.00        , -3005.00     , 246995.00
2026-02-03T18:33:40.326000+00:00,    1378,  25297.25, 0.970367968082428     , BUY   ,        1, 1.0           , +0.00           , -3005.00     , 246995.00
2026-02-03T20:14:56.584036+00:00,    1397,  25309.5 , 0.3757702708244324    , SELL  ,        1, 0.0           , +245.00         , -2760.00     , 247240.00
2026-02-03T20:18:40.073000+00:00,    1398,  25324.0 , -0.8293569684028625   , SELL  ,        1, -1.0          , +0.00           , -2760.00     , 247240.00
2026-02-04T14:33:37.816000+00:00,    1459,  25260.5 , -0.4365510940551758   , BUY   ,        1, 0.0           , +1270.00        , -1490.00     , 248510.00
2026-02-04T14:35:38.969000+00:00,    1463,  25322.0 , 0.6565603017807007    , BUY   ,        1, 1.0           , +0.00           , -1490.00     , 248510.00
2026-02-04T14:41:23.359000+00:00,    1471,  25335.0 , 0.327527791261673     , SELL  ,        1, 0.0           , +260.00         , -1230.00     , 248770.00
2026-02-04T14:42:00.563000+00:00,    1472,  25329.75, 0.707571804523468     , BUY   ,        1, 1.0           , +0.00           , -1230.00     , 248770.00
2026-02-04T14:47:06.797000+00:00,    1476,  25332.0 , -0.3381413221359253   , SELL  ,        1, 0.0           , +45.00          , -1185.00     , 248815.00
2026-02-04T14:47:54.630000+00:00,    1477,  25305.5 , -0.7049250602722168   , SELL  ,        1, -1.0          , +0.00           , -1185.00     , 248815.00
2026-02-04T15:40:18.611000+00:00,    1523,  25220.75, -0.4918011724948883   , BUY   ,        1, 0.0           , +1695.00        , +510.00      , 250510.00
2026-02-04T15:41:05.032004+00:00,    1524,  25253.5 , -0.7853906154632568   , SELL  ,        1, -1.0          , +0.00           , +510.00      , 250510.00
2026-02-04T21:08:32.473000+00:00,    1643,  24998.25, 0.44454753398895264   , BUY   ,        1, 0.0           , +5105.00        , +5615.00     , 255615.00
2026-02-04T21:09:06.715000+00:00,    1644,  25032.25, 0.9440169334411621    , BUY   ,        1, 1.0           , +0.00           , +5615.00     , 255615.00
2026-02-05T02:19:01.766000+00:00,    1679,  25025.0 , 0.40201783180236816   , SELL  ,        1, 0.0           , -145.00         , +5470.00     , 255470.00
2026-02-05T02:58:51.549000+00:00,    1686,  24978.75, -0.6053849458694458   , SELL  ,        1, -1.0          , +0.00           , +5470.00     , 255470.00
2026-02-05T12:23:54.422005+00:00,    1738,  24904.5 , -0.4888771176338196   , BUY   ,        1, 0.0           , +1485.00        , +6955.00     , 256955.00
2026-02-05T12:54:40.514000+00:00,    1753,  24792.5 , -0.594983696937561    , SELL  ,        1, -1.0          , +0.00           , +6955.00     , 256955.00
2026-02-05T14:25:00.085000+00:00,    1782,  24766.0 , 0.04141824319958687   , BUY   ,        1, 0.0           , +530.00         , +7485.00     , 257485.00
2026-02-05T14:47:15.595000+00:00,    1815,  24927.5 , -0.5312289595603943   , SELL  ,        1, -1.0          , +0.00           , +7485.00     , 257485.00
2026-02-05T14:48:38.791015+00:00,    1816,  24898.5 , -0.42608076333999634  , BUY   ,        1, 0.0           , +580.00         , +8065.00     , 258065.00
2026-02-05T15:16:08.660000+00:00,    1846,  24630.0 , -0.8535045385360718   , SELL  ,        1, -1.0          , +0.00           , +8065.00     , 258065.00
2026-02-05T16:20:05.072000+00:00,    1895,  24688.75, -0.4658964276313782   , BUY   ,        1, 0.0           , -1175.00        , +6890.00     , 256890.00
2026-02-05T16:45:52.403000+00:00,    1907,  24760.0 , -0.5353322625160217   , SELL  ,        1, -1.0          , +0.00           , +6890.00     , 256890.00
2026-02-05T16:55:11.326004+00:00,    1911,  24843.0 , -0.391981303691864    , BUY   ,        1, 0.0           , -1660.00        , +5230.00     , 255230.00
2026-02-05T18:09:01.773000+00:00,    1937,  24764.5 , -0.6450719237327576   , SELL  ,        1, -1.0          , +0.00           , +5230.00     , 255230.00
2026-02-05T20:22:01.032027+00:00,    1965,  24659.25, -0.33839157223701477  , BUY   ,        1, 0.0           , +2105.00        , +7335.00     , 257335.00
2026-02-05T20:31:44.972007+00:00,    1967,  24627.75, 0.5410427451133728    , BUY   ,        1, 1.0           , +0.00           , +7335.00     , 257335.00
2026-02-05T20:40:22.681000+00:00,    1968,  24656.75, 0.45864227414131165   , SELL  ,        1, 0.0           , +580.00         , +7915.00     , 257915.00
2026-02-05T21:00:23.374002+00:00,    1974,  24664.75, -0.5471150279045105   , SELL  ,        1, -1.0          , +0.00           , +7915.00     , 257915.00
2026-02-06T04:23:08.051000+00:00,    2052,  24494.5 , 0.0694747120141983    , BUY   ,        1, 0.0           , +3405.00        , +11320.00    , 261320.00
2026-02-06T04:56:23.638004+00:00,    2054,  24437.0 , 0.5579062700271606    , BUY   ,        1, 1.0           , +0.00           , +11320.00    , 261320.00
2026-02-06T08:50:50.916001+00:00,    2073,  24577.5 , 0.4935826361179352    , SELL  ,        1, 0.0           , +2810.00        , +14130.00    , 264130.00
2026-02-06T12:17:01.517002+00:00,    2093,  24823.5 , -0.517898678779602    , SELL  ,        1, -1.0          , +0.00           , +14130.00    , 264130.00
2026-02-06T12:35:25.869000+00:00,    2094,  24785.25, -0.43654564023017883  , BUY   ,        1, 0.0           , +765.00         , +14895.00    , 264895.00
2026-02-06T14:40:16.252003+00:00,    2121,  24882.75, -0.6054381132125854   , SELL  ,        1, -1.0          , +0.00           , +14895.00    , 264895.00
2026-02-06T15:00:01.755000+00:00,    2137,  24833.25, -0.4926449656486511   , BUY   ,        1, 0.0           , +990.00         , +15885.00    , 265885.00
2026-02-06T16:57:06.862000+00:00,    2181,  25000.5 , -0.9476878643035889   , SELL  ,        1, -1.0          , +0.00           , +15885.00    , 265885.00
2026-02-08T23:32:28.500000+00:00,    2208,  25225.75, -0.48073112964630127  , BUY   ,        1, 0.0           , -4505.00        , +11380.00    , 261380.00
2026-02-09T00:00:34.409001+00:00,    2210,  25296.0 , -0.5021770000457764   , SELL  ,        1, -1.0          , +0.00           , +11380.00    , 261380.00
2026-02-09T00:07:01.299005+00:00,    2211,  25331.5 , -0.43064936995506287  , BUY   ,        1, 0.0           , -710.00         , +10670.00    , 260670.00
2026-02-09T13:53:35.818023+00:00,    2252,  25083.5 , -0.8726840019226074   , SELL  ,        1, -1.0          , +0.00           , +10670.00    , 260670.00
2026-02-10T15:27:08.159002+00:00,    2363,  25409.75, -0.43009909987449646  , BUY   ,        1, 0.0           , -6525.00        , +4145.00     , 254145.00
2026-02-11T08:19:44.416001+00:00,    2399,  25212.75, 0.6735109686851501    , BUY   ,        1, 1.0           , +0.00           , +4145.00     , 254145.00
2026-02-11T14:10:42.048000+00:00,    2426,  25412.0 , 0.13524819910526276   , SELL  ,        1, 0.0           , +3985.00        , +8130.00     , 258130.00
2026-02-11T14:30:01.626083+00:00,    2427,  25400.75, -0.5205602645874023   , SELL  ,        1, -1.0          , +0.00           , +8130.00     , 258130.00
2026-02-11T15:21:01.445000+00:00,    2459,  25100.5 , -0.2283128798007965   , BUY   ,        1, 0.0           , +6005.00        , +14135.00    , 264135.00
2026-02-11T15:31:21.321000+00:00,    2465,  25109.0 , -0.6598026156425476   , SELL  ,        1, -1.0          , +0.00           , +14135.00    , 264135.00
2026-02-12T10:25:01.381001+00:00,    2535,  25334.0 , -0.40745583176612854  , BUY   ,        1, 0.0           , -4500.00        , +9635.00     , 259635.00
2026-02-12T14:29:59.612005+00:00,    2541,  25347.0 , 0.8051394820213318    , BUY   ,        1, 1.0           , +0.00           , +9635.00     , 259635.00
2026-02-12T15:22:42.901000+00:00,    2569,  25234.0 , 0.025980543345212936  , SELL  ,        1, 0.0           , -2260.00        , +7375.00     , 257375.00
2026-02-12T15:23:49.439000+00:00,    2570,  25220.25, -0.7813059687614441   , SELL  ,        1, -1.0          , +0.00           , +7375.00     , 257375.00
2026-02-12T16:32:08.582001+00:00,    2593,  24845.75, -0.3397253155708313   , BUY   ,        1, 0.0           , +7490.00        , +14865.00    , 264865.00
2026-02-12T16:46:50.368000+00:00,    2599,  24862.0 , 0.5999423861503601    , BUY   ,        1, 1.0           , +0.00           , +14865.00    , 264865.00
2026-02-12T17:09:54.614000+00:00,    2607,  24903.25, -0.15764017403125763  , SELL  ,        1, 0.0           , +825.00         , +15690.00    , 265690.00
2026-02-12T17:18:30.049019+00:00,    2609,  24836.75, -0.7416046857833862   , SELL  ,        1, -1.0          , +0.00           , +15690.00    , 265690.00
2026-02-13T00:47:59.648000+00:00,    2669,  24716.5 , -0.48260146379470825  , BUY   ,        1, 0.0           , +2405.00        , +18095.00    , 268095.00
2026-02-13T01:05:43.611001+00:00,    2671,  24780.75, -0.6933542490005493   , SELL  ,        1, -1.0          , +0.00           , +18095.00    , 268095.00
2026-02-13T11:35:47.336006+00:00,    2712,  24696.0 , -0.21626506745815277  , BUY   ,        1, 0.0           , +1695.00        , +19790.00    , 269790.00
2026-02-13T14:43:26.707000+00:00,    2772,  24646.0 , 0.7392721176147461    , BUY   ,        1, 1.0           , +0.00           , +19790.00    , 269790.00
2026-02-13T15:08:08.386000+00:00,    2807,  24761.75, 0.02359236590564251   , SELL  ,        1, 0.0           , +2315.00        , +22105.00    , 272105.00
2026-02-13T15:16:20.898002+00:00,    2814,  24757.5 , -0.6545794010162354   , SELL  ,        1, -1.0          , +0.00           , +22105.00    , 272105.00
2026-02-16T14:36:51.333002+00:00,    2916,  24736.5 , -0.16187642514705658  , BUY   ,        1, 0.0           , +420.00         , +22525.00    , 272525.00
2026-02-16T16:30:15.727041+00:00,    2927,  24737.0 , -0.6572741270065308   , SELL  ,        1, -1.0          , +0.00           , +22525.00    , 272525.00
2026-02-17T00:06:00.460000+00:00,    2934,  24802.5 , -0.3297887146472931   , BUY   ,        1, 0.0           , -1310.00        , +21215.00    , 271215.00
2026-02-17T01:53:54.562067+00:00,    2941,  24682.5 , 0.6796503663063049    , BUY   ,        1, 1.0           , +0.00           , +21215.00    , 271215.00
2026-02-17T12:07:31.555000+00:00,    2971,  24640.5 , 0.21970516443252563   , SELL  ,        1, 0.0           , -840.00         , +20375.00    , 270375.00
2026-02-17T12:32:08.639000+00:00,    2973,  24602.0 , -0.6173763871192932   , SELL  ,        1, -1.0          , +0.00           , +20375.00    , 270375.00
2026-02-17T14:47:22.147081+00:00,    3008,  24642.75, 0.012192967347800732  , BUY   ,        1, 0.0           , -815.00         , +19560.00    , 269560.00
2026-02-17T14:57:06.778005+00:00,    3018,  24533.25, 0.9841461181640625    , BUY   ,        1, 1.0           , +0.00           , +19560.00    , 269560.00
2026-02-17T15:18:31.446005+00:00,    3031,  24600.0 , 0.49990934133529663   , SELL  ,        1, 0.0           , +1335.00        , +20895.00    , 270895.00
2026-02-17T15:45:02.870033+00:00,    3046,  24521.25, -0.6621766090393066   , SELL  ,        1, -1.0          , +0.00           , +20895.00    , 270895.00
2026-02-17T17:43:17.176008+00:00,    3080,  24662.75, -0.4620736241340637   , BUY   ,        1, 0.0           , -2830.00        , +18065.00    , 268065.00
2026-02-17T17:45:01.974000+00:00,    3081,  24640.5 , 0.7661117911338806    , BUY   ,        1, 1.0           , +0.00           , +18065.00    , 268065.00
2026-02-17T20:22:43.594019+00:00,    3107,  24778.25, 0.40313470363616943   , SELL  ,        1, 0.0           , +2755.00        , +20820.00    , 270820.00
2026-02-17T23:12:01.249000+00:00,    3115,  24728.25, 0.6137920022010803    , BUY   ,        1, 1.0           , +0.00           , +20820.00    , 270820.00
2026-02-18T12:41:08.953001+00:00,    3136,  24884.0 , 0.4642200171947479    , SELL  ,        1, 0.0           , +3115.00        , +23935.00    , 273935.00
2026-02-18T14:39:25.678001+00:00,    3154,  24798.0 , -0.5615524053573608   , SELL  ,        1, -1.0          , +0.00           , +23935.00    , 273935.00
2026-02-18T23:03:25.004000+00:00,    3203,  24966.75, -0.39109066128730774  , BUY   ,        1, 0.0           , -3375.00        , +20560.00    , 270560.00
2026-02-19T00:03:36.983001+00:00,    3204,  24955.0 , 0.5055754780769348    , BUY   ,        1, 1.0           , +0.00           , +20560.00    , 270560.00
2026-02-19T13:37:01.790000+00:00,    3233,  24876.25, -0.02691415697336197  , SELL  ,        1, 0.0           , -1575.00        , +18985.00    , 268985.00
2026-02-19T13:45:25.480000+00:00,    3234,  24840.5 , -0.8252578377723694   , SELL  ,        1, -1.0          , +0.00           , +18985.00    , 268985.00
2026-02-19T16:44:53.332000+00:00,    3287,  24861.5 , -0.4643002152442932   , BUY   ,        1, 0.0           , -420.00         , +18565.00    , 268565.00
2026-02-20T13:59:18.885002+00:00,    3340,  24762.5 , 0.9936137795448303    , BUY   ,        1, 1.0           , +0.00           , +18565.00    , 268565.00
2026-02-20T14:50:06.606007+00:00,    3359,  24883.75, 0.3088897466659546    , SELL  ,        1, 0.0           , +2425.00        , +20990.00    , 270990.00
2026-02-20T14:59:57.436000+00:00,    3365,  24895.25, -0.7909737229347229   , SELL  ,        1, -1.0          , +0.00           , +20990.00    , 270990.00
2026-02-20T15:02:18.129001+00:00,    3374,  25043.0 , -0.3584890067577362   , BUY   ,        1, 0.0           , -2955.00        , +18035.00    , 268035.00
2026-02-20T15:05:11.921002+00:00,    3380,  24938.0 , 0.5711665749549866    , BUY   ,        1, 1.0           , +0.00           , +18035.00    , 268035.00
2026-02-20T15:24:53.597000+00:00,    3402,  24992.5 , 0.07798043638467789   , SELL  ,        1, 0.0           , +1090.00        , +19125.00    , 269125.00
2026-02-20T16:14:25.179002+00:00,    3424,  25085.0 , -0.8810269832611084   , SELL  ,        1, -1.0          , +0.00           , +19125.00    , 269125.00
2026-02-20T16:48:00.692000+00:00,    3433,  25121.0 , -0.4165959060192108   , BUY   ,        1, 0.0           , -720.00         , +18405.00    , 268405.00
2026-02-20T17:30:05.826001+00:00,    3444,  24934.5 , 0.9779975414276123    , BUY   ,        1, 1.0           , +0.00           , +18405.00    , 268405.00
2026-02-20T18:30:24.367000+00:00,    3469,  24968.0 , -0.3523902893066406   , SELL  ,        1, 0.0           , +670.00         , +19075.00    , 269075.00
2026-02-20T18:31:40.270000+00:00,    3470,  25000.0 , -0.7712159156799316   , SELL  ,        1, -1.0          , +0.00           , +19075.00    , 269075.00
2026-02-23T01:21:54.704000+00:00,    3507,  24879.25, -0.12908756732940674  , BUY   ,        1, 0.0           , +2415.00        , +21490.00    , 271490.00
2026-02-23T09:11:00.442100+00:00,    3518,  24994.0 , -0.5041321516036987   , SELL  ,        1, -1.0          , +0.00           , +21490.00    , 271490.00
2026-02-23T11:55:28.119001+00:00,    3522,  24914.25, -0.27387920022010803  , BUY   ,        1, 0.0           , +1595.00        , +23085.00    , 273085.00
2026-02-23T12:44:58.566007+00:00,    3524,  24923.75, 0.6176120638847351    , BUY   ,        1, 1.0           , +0.00           , +23085.00    , 273085.00
2026-02-23T14:30:32.524000+00:00,    3529,  25029.25, 0.36126378178596497   , SELL  ,        1, 0.0           , +2110.00        , +25195.00    , 275195.00
2026-02-23T14:31:54.179004+00:00,    3531,  24971.25, 0.5329188108444214    , BUY   ,        1, 1.0           , +0.00           , +25195.00    , 275195.00
2026-02-23T14:37:54.119000+00:00,    3536,  25005.0 , -0.18603074550628662  , SELL  ,        1, 0.0           , +675.00         , +25870.00    , 275870.00
2026-02-23T14:39:30.254000+00:00,    3537,  24990.0 , -0.670020580291748    , SELL  ,        1, -1.0          , +0.00           , +25870.00    , 275870.00
2026-02-23T14:42:02.448000+00:00,    3540,  24899.75, -0.32891592383384705  , BUY   ,        1, 0.0           , +1805.00        , +27675.00    , 277675.00
2026-02-23T14:57:13.752000+00:00,    3547,  24942.0 , -0.864170253276825    , SELL  ,        1, -1.0          , +0.00           , +27675.00    , 277675.00
2026-02-24T13:30:01.954001+00:00,    3620,  24859.25, -0.48081356287002563  , BUY   ,        1, 0.0           , +1655.00        , +29330.00    , 279330.00
2026-02-24T13:48:08.642002+00:00,    3621,  24878.25, -0.5012722015380859   , SELL  ,        1, -1.0          , +0.00           , +29330.00    , 279330.00
2026-02-24T14:13:36.323000+00:00,    3622,  24851.75, -0.45377323031425476  , BUY   ,        1, 0.0           , +530.00         , +29860.00    , 279860.00
2026-02-24T14:55:16.073004+00:00,    3637,  24900.0 , -0.910339891910553    , SELL  ,        1, -1.0          , +0.00           , +29860.00    , 279860.00
2026-02-24T15:25:35.213000+00:00,    3650,  24954.75, -0.2650289833545685   , BUY   ,        1, 0.0           , -1095.00        , +28765.00    , 278765.00
2026-02-24T16:31:04.160001+00:00,    3658,  24982.75, 0.6402758359909058    , BUY   ,        1, 1.0           , +0.00           , +28765.00    , 278765.00
2026-02-25T11:32:27.998030+00:00,    3686,  25095.25, 0.19296734035015106   , SELL  ,        1, 0.0           , +2250.00        , +31015.00    , 281015.00
2026-02-25T15:16:14.040000+00:00,    3701,  25292.25, -0.9959902167320251   , SELL  ,        1, -1.0          , +0.00           , +31015.00    , 281015.00
2026-02-26T14:36:08.541062+00:00,    3750,  25251.0 , -0.09020785242319107  , BUY   ,        1, 0.0           , +825.00         , +31840.00    , 281840.00
2026-02-26T15:37:34.280000+00:00,    3787,  24928.75, -0.968571126461029    , SELL  ,        1, -1.0          , +0.00           , +31840.00    , 281840.00
2026-02-26T20:09:40.521009+00:00,    3828,  25054.75, -0.20032155513763428  , BUY   ,        1, 0.0           , -2520.00        , +29320.00    , 279320.00
2026-02-27T13:30:02.255000+00:00,    3868,  24855.25, -0.9780125617980957   , SELL  ,        1, -1.0          , +0.00           , +29320.00    , 279320.00
2026-02-27T15:07:54.857000+00:00,    3910,  24967.5 , -0.25857236981391907  , BUY   ,        1, 0.0           , -2245.00        , +27075.00    , 277075.00
2026-03-01T23:00:00+00:00       ,    3968,  24912.5 , -0.6367866396903992   , SELL  ,        1, -1.0          , +0.00           , +27075.00    , 277075.00
2026-03-01T23:00:00.000004+00:00,    3972,  24752.5 , -0.414163738489151    , BUY   ,        1, 0.0           , +3200.00        , +30275.00    , 280275.00
2026-03-01T23:00:00.377002+00:00,    3975,  24642.5 , 0.716374397277832     , BUY   ,        1, 1.0           , +0.00           , +30275.00    , 280275.00
2026-03-01T23:02:00.216002+00:00,    3985,  24723.75, 0.4362275302410126    , SELL  ,        1, 0.0           , +1625.00        , +31900.00    , 281900.00
2026-03-01T23:05:51.000005+00:00,    3990,  24768.75, -0.7032814025878906   , SELL  ,        1, -1.0          , +0.00           , +31900.00    , 281900.00
2026-03-02T06:29:46.218000+00:00,    4024,  24673.5 , -0.49283239245414734  , BUY   ,        1, 0.0           , +1905.00        , +33805.00    , 283805.00
2026-03-02T08:39:20.946005+00:00,    4045,  24545.75, 0.9941306114196777    , BUY   ,        1, 1.0           , +0.00           , +33805.00    , 283805.00
2026-03-02T14:51:28.710008+00:00,    4095,  24858.5 , 0.3714055120944977    , SELL  ,        1, 0.0           , +6255.00        , +40060.00    , 290060.00
2026-03-02T18:38:14.122004+00:00,    4136,  25005.75, -0.5423758625984192   , SELL  ,        1, -1.0          , +0.00           , +40060.00    , 290060.00
2026-03-03T03:10:05.987001+00:00,    4170,  24843.25, -0.32997724413871765  , BUY   ,        1, 0.0           , +3250.00        , +43310.00    , 293310.00
2026-03-03T03:51:24.879004+00:00,    4173,  24840.0 , -0.7031431198120117   , SELL  ,        1, -1.0          , +0.00           , +43310.00    , 293310.00
2026-03-03T07:23:37.839000+00:00,    4185,  24717.5 , -0.34753623604774475  , BUY   ,        1, 0.0           , +2450.00        , +45760.00    , 295760.00
2026-03-03T08:43:34.836008+00:00,    4196,  24546.75, 0.9771764874458313    , BUY   ,        1, 1.0           , +0.00           , +45760.00    , 295760.00
2026-03-03T09:26:43.196002+00:00,    4203,  24520.75, 0.497310996055603     , SELL  ,        1, 0.0           , -520.00         , +45240.00    , 295240.00
2026-03-03T09:38:22.163000+00:00,    4205,  24535.0 , -0.5616310834884644   , SELL  ,        1, -1.0          , +0.00           , +45240.00    , 295240.00
2026-03-03T14:49:22.541017+00:00,    4273,  24500.25, -0.19560499489307404  , BUY   ,        1, 0.0           , +695.00         , +45935.00    , 295935.00
2026-03-03T15:31:08.461003+00:00,    4304,  24403.75, -0.9423581957817078   , SELL  ,        1, -1.0          , +0.00           , +45935.00    , 295935.00
2026-03-03T15:57:34.076000+00:00,    4319,  24393.25, -0.2185976803302765   , BUY   ,        1, 0.0           , +210.00         , +46145.00    , 296145.00
2026-03-03T16:32:06.640000+00:00,    4333,  24569.0 , 0.980355441570282     , BUY   ,        1, 1.0           , +0.00           , +46145.00    , 296145.00
2026-03-03T16:46:35.633000+00:00,    4340,  24699.75, 0.12300035357475281   , SELL  ,        1, 0.0           , +2615.00        , +48760.00    , 298760.00
2026-03-03T17:01:30.836021+00:00,    4344,  24651.5 , -0.6655657887458801   , SELL  ,        1, -1.0          , +0.00           , +48760.00    , 298760.00
2026-03-03T19:37:27.024000+00:00,    4374,  24789.25, -0.4137962758541107   , BUY   ,        1, 0.0           , -2755.00        , +46005.00    , 296005.00
2026-03-03T23:13:06.300009+00:00,    4396,  24745.0 , -0.6807757616043091   , SELL  ,        1, -1.0          , +0.00           , +46005.00    , 296005.00
2026-03-05T02:00:32.536000+00:00,    4586,  25084.0 , -0.37461715936660767  , BUY   ,        1, 0.0           , -6780.00        , +39225.00    , 289225.00
2026-03-05T06:51:01.635000+00:00,    4601,  25062.75, -0.5165250897407532   , SELL  ,        1, -1.0          , +0.00           , +39225.00    , 289225.00
2026-03-05T15:20:22.476015+00:00,    4668,  25090.75, -0.4938742220401764   , BUY   ,        1, 0.0           , -560.00         , +38665.00    , 288665.00
2026-03-05T15:38:33.021052+00:00,    4676,  25021.5 , -0.5068916082382202   , SELL  ,        1, -1.0          , +0.00           , +38665.00    , 288665.00
2026-03-05T16:28:47.423000+00:00,    4693,  24971.25, -0.19544799625873566  , BUY   ,        1, 0.0           , +1005.00        , +39670.00    , 289670.00
2026-03-05T16:34:22.844070+00:00,    4695,  24992.0 , 0.7031564712524414    , BUY   ,        1, 1.0           , +0.00           , +39670.00    , 289670.00
2026-03-05T17:00:24.140000+00:00,    4700,  25049.75, 0.4395357072353363    , SELL  ,        1, 0.0           , +1155.00        , +40825.00    , 290825.00
2026-03-05T17:06:01.191001+00:00,    4702,  25116.75, -0.51552814245224     , SELL  ,        1, -1.0          , +0.00           , +40825.00    , 290825.00
2026-03-05T17:07:03.240000+00:00,    4703,  25082.75, -0.4113321900367737   , BUY   ,        1, 0.0           , +680.00         , +41505.00    , 291505.00
2026-03-05T17:09:50.324000+00:00,    4704,  25047.25, -0.8388557434082031   , SELL  ,        1, -1.0          , +0.00           , +41505.00    , 291505.00
2026-03-05T17:13:55.427000+00:00,    4707,  25015.75, -0.435005784034729    , BUY   ,        1, 0.0           , +630.00         , +42135.00    , 292135.00
2026-03-05T17:26:39.780002+00:00,    4711,  24946.75, -0.5739784240722656   , SELL  ,        1, -1.0          , +0.00           , +42135.00    , 292135.00
2026-03-05T17:39:41.948000+00:00,    4718,  24881.25, -0.4856277406215668   , BUY   ,        1, 0.0           , +1310.00        , +43445.00    , 293445.00
2026-03-05T18:35:25.161008+00:00,    4735,  24812.5 , -0.584838330745697    , SELL  ,        1, -1.0          , +0.00           , +43445.00    , 293445.00
2026-03-06T13:32:48.327000+00:00,    4824,  24814.25, -0.46218428015708923  , BUY   ,        1, 0.0           , -35.00          , +43410.00    , 293410.00
2026-03-06T13:34:31.846000+00:00,    4826,  24817.5 , -0.500647783279419    , SELL  ,        1, -1.0          , +0.00           , +43410.00    , 293410.00
2026-03-06T17:16:08.214001+00:00,    4919,  24820.25, -0.3946790099143982   , BUY   ,        1, 0.0           , -55.00          , +43355.00    , 293355.00
2026-03-06T17:46:02.556001+00:00,    4927,  24784.25, 0.5558950901031494    , BUY   ,        1, 1.0           , +0.00           , +43355.00    , 293355.00
2026-03-06T18:01:22.630032+00:00,    4930,  24819.0 , 0.4364025294780731    , SELL  ,        1, 0.0           , +695.00         , +44050.00    , 294050.00
2026-03-06T20:26:07.044000+00:00,    4959,  24666.0 , -0.9710090756416321   , SELL  ,        1, -1.0          , +0.00           , +44050.00    , 294050.00
2026-03-08T22:00:00.066002+00:00,    4976,  24430.0 , -0.14984001219272614  , BUY   ,        1, 0.0           , +4720.00        , +48770.00    , 298770.00
2026-03-08T22:00:02.034000+00:00,    4977,  24449.75, 0.6566693186759949    , BUY   ,        1, 1.0           , +0.00           , +48770.00    , 298770.00
2026-03-08T22:10:05.525000+00:00,    4998,  24275.0 , 0.18543322384357452   , SELL  ,        1, 0.0           , -3495.00        , +45275.00    , 295275.00
2026-03-08T22:12:19.921000+00:00,    4999,  24240.0 , -0.6605611443519592   , SELL  ,        1, -1.0          , +0.00           , +45275.00    , 295275.00
2026-03-09T02:05:18.823000+00:00,    5038,  24006.5 , -0.350866436958313    , BUY   ,        1, 0.0           , +4670.00        , +49945.00    , 299945.00
2026-03-09T06:49:09.214001+00:00,    5062,  24239.0 , 0.6888028979301453    , BUY   ,        1, 1.0           , +0.00           , +49945.00    , 299945.00
2026-03-09T09:46:53.987003+00:00,    5094,  24443.25, 0.441994309425354     , SELL  ,        1, 0.0           , +4085.00        , +54030.00    , 304030.00
2026-03-09T12:03:25.783001+00:00,    5112,  24415.0 , -0.9128507971763611   , SELL  ,        1, -1.0          , +0.00           , +54030.00    , 304030.00
2026-03-09T13:44:41.507000+00:00,    5133,  24360.25, -0.3355228900909424   , BUY   ,        1, 0.0           , +1095.00        , +55125.00    , 305125.00
2026-03-09T15:34:19.115009+00:00,    5183,  24610.0 , -0.946483314037323    , SELL  ,        1, -1.0          , +0.00           , +55125.00    , 305125.00
2026-03-10T08:00:51.629001+00:00,    5296,  25085.0 , -0.43925735354423523  , BUY   ,        1, 0.0           , -9500.00        , +45625.00    , 295625.00
2026-03-10T09:57:49.165000+00:00,    5304,  25088.0 , -0.6370181441307068   , SELL  ,        1, -1.0          , +0.00           , +45625.00    , 295625.00
2026-03-10T11:19:34.211002+00:00,    5314,  25003.0 , 0.412005215883255     , BUY   ,        1, 0.0           , +1700.00        , +47325.00    , 297325.00
2026-03-10T11:41:09.661048+00:00,    5315,  24988.5 , 0.9209359884262085    , BUY   ,        1, 1.0           , +0.00           , +47325.00    , 297325.00
2026-03-10T14:07:05.900000+00:00,    5348,  24958.0 , 0.30548858642578125   , SELL  ,        1, 0.0           , -610.00         , +46715.00    , 296715.00
2026-03-10T16:06:06.417000+00:00,    5368,  25086.5 , -0.5538823008537292   , SELL  ,        1, -1.0          , +0.00           , +46715.00    , 296715.00
2026-03-11T06:35:33.471000+00:00,    5437,  25047.0 , -0.4205579459667206   , BUY   ,        1, 0.0           , +790.00         , +47505.00    , 297505.00
2026-03-11T10:14:28.270000+00:00,    5453,  24970.0 , 0.9657953381538391    , BUY   ,        1, 1.0           , +0.00           , +47505.00    , 297505.00
2026-03-11T11:43:18.089000+00:00,    5457,  24967.75, 0.27536001801490784   , SELL  ,        1, 0.0           , -45.00          , +47460.00    , 297460.00
2026-03-11T12:23:02.844001+00:00,    5461,  24978.75, -0.6208618879318237   , SELL  ,        1, -1.0          , +0.00           , +47460.00    , 297460.00
2026-03-11T14:27:03.274008+00:00,    5496,  24997.75, -0.4923049509525299   , BUY   ,        1, 0.0           , -380.00         , +47080.00    , 297080.00
2026-03-11T15:27:06.318003+00:00,    5514,  24978.5 , 0.6898527145385742    , BUY   ,        1, 1.0           , +0.00           , +47080.00    , 297080.00
2026-03-11T19:40:23.103029+00:00,    5545,  24988.0 , 0.386812686920166     , SELL  ,        1, 0.0           , +190.00         , +47270.00    , 297270.00
2026-03-11T19:54:50.028000+00:00,    5546,  24995.0 , -0.5305289626121521   , SELL  ,        1, -1.0          , +0.00           , +47270.00    , 297270.00
2026-03-12T00:06:09.856001+00:00,    5559,  24751.0 , -0.4969460666179657   , BUY   ,        1, 0.0           , +4880.00        , +52150.00    , 302150.00
2026-03-12T02:36:02.484001+00:00,    5565,  24725.25, -0.5873624682426453   , SELL  ,        1, -1.0          , +0.00           , +52150.00    , 302150.00
2026-03-12T09:20:45.617001+00:00,    5580,  24818.5 , -0.4961306154727936   , BUY   ,        1, 0.0           , -1865.00        , +50285.00    , 300285.00
2026-03-12T11:43:15.350002+00:00,    5589,  24925.75, -0.5200483798980713   , SELL  ,        1, -1.0          , +0.00           , +50285.00    , 300285.00
2026-03-12T13:32:31.528000+00:00,    5602,  24782.75, -0.44989243149757385  , BUY   ,        1, 0.0           , +2860.00        , +53145.00    , 303145.00
2026-03-12T13:38:16.895000+00:00,    5604,  24832.75, -0.5004726648330688   , SELL  ,        1, -1.0          , +0.00           , +53145.00    , 303145.00
2026-03-12T13:53:08.387000+00:00,    5613,  24689.25, -0.45671096444129944  , BUY   ,        1, 0.0           , +2870.00        , +56015.00    , 306015.00
2026-03-12T14:00:24.307020+00:00,    5616,  24703.0 , -0.6209708452224731   , SELL  ,        1, -1.0          , +0.00           , +56015.00    , 306015.00
2026-03-12T15:47:06.791000+00:00,    5649,  24631.5 , -0.40416157245635986  , BUY   ,        1, 0.0           , +1430.00        , +57445.00    , 307445.00
2026-03-12T15:53:07.667013+00:00,    5651,  24677.25, -0.7228978872299194   , SELL  ,        1, -1.0          , +0.00           , +57445.00    , 307445.00
2026-03-12T18:20:01.454000+00:00,    5684,  24631.5 , -0.4521788954734802   , BUY   ,        1, 0.0           , +915.00         , +58360.00    , 308360.00
2026-03-13T00:35:11.055006+00:00,    5707,  24640.25, 0.5360761284828186    , BUY   ,        1, 1.0           , +0.00           , +58360.00    , 308360.00
2026-03-13T01:01:39.549007+00:00,    5708,  24645.25, 0.4611518085002899    , SELL  ,        1, 0.0           , +100.00         , +58460.00    , 308460.00
2026-03-13T04:22:12.386000+00:00,    5712,  24589.0 , 0.7321507334709167    , BUY   ,        1, 1.0           , +0.00           , +58460.00    , 308460.00
2026-03-13T10:02:56.910000+00:00,    5730,  24565.5 , 0.37582045793533325   , SELL  ,        1, 0.0           , -470.00         , +57990.00    , 307990.00
2026-03-13T12:54:10.456000+00:00,    5745,  24662.5 , -0.9453935027122498   , SELL  ,        1, -1.0          , +0.00           , +57990.00    , 307990.00
2026-03-13T13:39:01.853003+00:00,    5755,  24683.25, 0.4415086805820465    , BUY   ,        1, 0.0           , -415.00         , +57575.00    , 307575.00
2026-03-13T13:42:07.171000+00:00,    5756,  24706.25, 0.9313007593154907    , BUY   ,        1, 1.0           , +0.00           , +57575.00    , 307575.00
2026-03-13T16:13:40.177000+00:00,    5804,  24435.0 , 0.47034063935279846   , SELL  ,        1, 0.0           , -5425.00        , +52150.00    , 302150.00
2026-03-13T16:15:07.529000+00:00,    5805,  24448.5 , -0.6239615678787231   , SELL  ,        1, -1.0          , +0.00           , +52150.00    , 302150.00
2026-03-15T22:00:00+00:00       ,    5835,  24303.5 , -0.4964854121208191   , BUY   ,        1, 0.0           , +2900.00        , +55050.00    , 305050.00
2026-03-15T22:00:03.749000+00:00,    5840,  24319.0 , 0.5329297780990601    , BUY   ,        1, 1.0           , +0.00           , +55050.00    , 305050.00
2026-03-15T22:00:34.598002+00:00,    5842,  24350.0 , -0.13465455174446106  , SELL  ,        1, 0.0           , +620.00         , +55670.00    , 305670.00
2026-03-16T07:34:42.399000+00:00,    5869,  24515.75, -0.9987282156944275   , SELL  ,        1, -1.0          , +0.00           , +55670.00    , 305670.00
2026-03-16T18:04:38.057000+00:00,    5920,  24692.75, -0.2975466847419739   , BUY   ,        1, 0.0           , -3540.00        , +52130.00    , 302130.00
2026-03-16T19:12:29.559001+00:00,    5927,  24736.25, -0.542361855506897    , SELL  ,        1, -1.0          , +0.00           , +52130.00    , 302130.00
2026-03-16T19:19:09.873003+00:00,    5928,  24700.0 , -0.09332229942083359  , BUY   ,        1, 0.0           , +725.00         , +52855.00    , 302855.00
2026-03-17T04:35:56.855000+00:00,    5941,  24607.5 , -0.6128088235855103   , SELL  ,        1, -1.0          , +0.00           , +52855.00    , 302855.00
2026-03-17T05:54:22.888000+00:00,    5943,  24560.25, -0.34852901101112366  , BUY   ,        1, 0.0           , +945.00         , +53800.00    , 303800.00
2026-03-17T08:40:46.347000+00:00,    5951,  24568.25, -0.5362631678581238   , SELL  ,        1, -1.0          , +0.00           , +53800.00    , 303800.00
2026-03-18T00:06:43.058001+00:00,    5993,  24812.0 , -0.4809141457080841   , BUY   ,        1, 0.0           , -4875.00        , +48925.00    , 298925.00
2026-03-18T11:00:11.539000+00:00,    6001,  24937.25, -0.6349581480026245   , SELL  ,        1, -1.0          , +0.00           , +48925.00    , 298925.00
2026-03-18T12:13:59.412000+00:00,    6006,  24817.0 , -0.4869144558906555   , BUY   ,        1, 0.0           , +2405.00        , +51330.00    , 301330.00
2026-03-18T13:43:43.336000+00:00,    6021,  24730.75, 0.6467522382736206    , BUY   ,        1, 1.0           , +0.00           , +51330.00    , 301330.00
2026-03-18T14:10:54.614000+00:00,    6030,  24723.75, 0.4605063498020172    , SELL  ,        1, 0.0           , -140.00         , +51190.00    , 301190.00
2026-03-18T14:26:35.016000+00:00,    6033,  24626.5 , 0.616540253162384     , BUY   ,        1, 1.0           , +0.00           , +51190.00    , 301190.00
2026-03-18T15:05:50.998000+00:00,    6039,  24687.0 , -0.08775950968265533  , SELL  ,        1, 0.0           , +1210.00        , +52400.00    , 302400.00
2026-03-18T15:18:42.670000+00:00,    6040,  24673.25, -0.6319146156311035   , SELL  ,        1, -1.0          , +0.00           , +52400.00    , 302400.00
2026-03-18T23:41:55.664000+00:00,    6080,  24427.5 , -0.1831929087638855   , BUY   ,        1, 0.0           , +4915.00        , +57315.00    , 307315.00
